trial,register,rdistance,strength,edistance
0,0.0,216.0,-12465.0,200
0,0.0,213.0,-12368.0,200
0,0.0,214.0,-12081.0,200
0,0.0,214.0,-12199.0,200
0,0.0,214.0,-11961.0,200
0,0.0,213.0,-12363.0,200
0,0.0,214.0,-12004.0,200
0,0.0,214.0,-12587.0,200
0,0.0,214.0,-12501.0,200
0,0.0,214.0,-12306.0,200
0,0.0,214.0,-12493.0,200
0,0.0,214.0,-11685.0,200
0,0.0,214.0,-12036.0,200
0,0.0,214.0,-12343.0,200
0,0.0,213.0,-12458.0,200
0,0.0,214.0,-12018.0,200
0,0.0,213.0,-12358.0,200
0,0.0,215.0,-11960.0,200
0,0.0,215.0,-11908.0,200
0,0.0,214.0,-12010.0,200
0,0.0,214.0,-12074.0,200
0,0.0,214.0,-12187.0,200
0,0.0,215.0,-12173.0,200
0,0.0,214.0,-12096.0,200
0,0.0,214.0,-12361.0,200
0,0.0,216.0,-12095.0,200
0,0.0,215.0,-12318.0,200
0,0.0,215.0,-12212.0,200
0,0.0,215.0,-12123.0,200
0,0.0,214.0,-12176.0,200
0,0.0,212.0,-12204.0,200
0,0.0,215.0,-12554.0,200
0,0.0,214.0,-12203.0,200
0,0.0,213.0,-12629.0,200
0,0.0,215.0,-12304.0,200
0,0.0,215.0,-12361.0,200
0,0.0,215.0,-12075.0,200
0,0.0,214.0,-12356.0,200
0,0.0,213.0,-12034.0,200
0,0.0,214.0,-12223.0,200
0,0.0,212.0,-12406.0,200
0,0.0,214.0,-12596.0,200
0,0.0,214.0,-11796.0,200
0,0.0,215.0,-12571.0,200
0,0.0,214.0,-12275.0,200
0,0.0,214.0,-12224.0,200
0,0.0,213.0,-12346.0,200
0,0.0,213.0,-12249.0,200
0,0.0,215.0,-12182.0,200
0,0.0,214.0,-11909.0,200
0,0.0,214.0,-12508.0,200
0,0.0,214.0,-12855.0,200
0,0.0,214.0,-12296.0,200
0,0.0,216.0,-12021.0,200
0,0.0,214.0,-12076.0,200
0,0.0,214.0,-12273.0,200
0,0.0,214.0,-12191.0,200
0,0.0,214.0,-12205.0,200
0,0.0,214.0,-12351.0,200
0,0.0,215.0,-12276.0,200
0,0.0,213.0,-12388.0,200
0,0.0,215.0,-12325.0,200
0,0.0,215.0,-11674.0,200
0,0.0,213.0,-12542.0,200
0,0.0,214.0,-12158.0,200
0,0.0,214.0,-12415.0,200
0,0.0,213.0,-12068.0,200
0,0.0,214.0,-12135.0,200
0,0.0,214.0,-12248.0,200
0,0.0,216.0,-12205.0,200
0,0.0,213.0,-12351.0,200
0,0.0,215.0,-11866.0,200
0,0.0,213.0,-12500.0,200
0,0.0,215.0,-11959.0,200
0,0.0,214.0,-12359.0,200
0,0.0,214.0,-12284.0,200
0,0.0,214.0,-12078.0,200
0,0.0,215.0,-12168.0,200
0,0.0,214.0,-12260.0,200
0,0.0,214.0,-12040.0,200
0,0.0,216.0,-12342.0,200
0,0.0,214.0,-12110.0,200
0,0.0,214.0,-12023.0,200
0,0.0,213.0,-12342.0,200
0,0.0,213.0,-12003.0,200
0,0.0,214.0,-11985.0,200
0,0.0,216.0,-12187.0,200
0,0.0,214.0,-12406.0,200
0,0.0,215.0,-11900.0,200
0,0.0,215.0,-11956.0,200
0,0.0,216.0,-12403.0,200
0,0.0,216.0,-12373.0,200
0,0.0,214.0,-12112.0,200
0,0.0,213.0,-12242.0,200
0,0.0,214.0,-12008.0,200
0,0.0,214.0,-12045.0,200
0,0.0,216.0,-12212.0,200
0,0.0,215.0,-12076.0,200
0,0.0,214.0,-12458.0,200
0,0.0,214.0,-12035.0,200
1,0.0,190.0,-12487.0,190
1,0.0,189.0,-12523.0,190
1,0.0,191.0,-12752.0,190
1,0.0,192.0,-12502.0,190
1,0.0,190.0,-12807.0,190
1,0.0,193.0,-12402.0,190
1,0.0,192.0,-12632.0,190
1,0.0,191.0,-12503.0,190
1,0.0,192.0,-12691.0,190
1,0.0,191.0,-12669.0,190
1,0.0,190.0,-12778.0,190
1,0.0,191.0,-12669.0,190
1,0.0,191.0,-12530.0,190
1,0.0,190.0,-12607.0,190
1,0.0,192.0,-12698.0,190
1,0.0,192.0,-12387.0,190
1,0.0,192.0,-12674.0,190
1,0.0,192.0,-12749.0,190
1,0.0,190.0,-12921.0,190
1,0.0,193.0,-12392.0,190
1,0.0,192.0,-12940.0,190
1,0.0,192.0,-12829.0,190
1,0.0,191.0,-12945.0,190
1,0.0,192.0,-12715.0,190
1,0.0,191.0,-12600.0,190
1,0.0,192.0,-12833.0,190
1,0.0,190.0,-12745.0,190
1,0.0,191.0,-12836.0,190
1,0.0,192.0,-12543.0,190
1,0.0,191.0,-12723.0,190
1,0.0,191.0,-12770.0,190
1,0.0,191.0,-12736.0,190
1,0.0,192.0,-12636.0,190
1,0.0,191.0,-12599.0,190
1,0.0,192.0,-12581.0,190
1,0.0,192.0,-12608.0,190
1,0.0,192.0,-12660.0,190
1,0.0,191.0,-12745.0,190
1,0.0,191.0,-12613.0,190
1,0.0,191.0,-12759.0,190
1,0.0,191.0,-12791.0,190
1,0.0,190.0,-12729.0,190
1,0.0,190.0,-12729.0,190
1,0.0,191.0,-12701.0,190
1,0.0,192.0,-12670.0,190
1,0.0,193.0,-12842.0,190
1,0.0,192.0,-12876.0,190
1,0.0,190.0,-12683.0,190
1,0.0,192.0,-12574.0,190
1,0.0,191.0,-12903.0,190
1,0.0,192.0,-12879.0,190
1,0.0,192.0,-12617.0,190
1,0.0,191.0,-13266.0,190
1,0.0,191.0,-12693.0,190
1,0.0,193.0,-12832.0,190
1,0.0,191.0,-12703.0,190
1,0.0,192.0,-12466.0,190
1,0.0,191.0,-12591.0,190
1,0.0,191.0,-12804.0,190
1,0.0,191.0,-12645.0,190
1,0.0,192.0,-12397.0,190
1,0.0,189.0,-12949.0,190
1,0.0,191.0,-12829.0,190
1,0.0,190.0,-12869.0,190
1,0.0,192.0,-12575.0,190
1,0.0,192.0,-12542.0,190
1,0.0,191.0,-12692.0,190
1,0.0,191.0,-12690.0,190
1,0.0,191.0,-12555.0,190
1,0.0,192.0,-12865.0,190
1,0.0,190.0,-12831.0,190
1,0.0,191.0,-13049.0,190
1,0.0,190.0,-12981.0,190
1,0.0,191.0,-12865.0,190
1,0.0,191.0,-12416.0,190
1,0.0,192.0,-12898.0,190
1,0.0,191.0,-12861.0,190
1,0.0,191.0,-12618.0,190
1,0.0,191.0,-12578.0,190
1,0.0,191.0,-12681.0,190
1,0.0,192.0,-12694.0,190
1,0.0,190.0,-12688.0,190
1,0.0,191.0,-12679.0,190
1,0.0,192.0,-12907.0,190
1,0.0,191.0,-12693.0,190
1,0.0,191.0,-12427.0,190
1,0.0,193.0,-12661.0,190
1,0.0,192.0,-12611.0,190
1,0.0,190.0,-12639.0,190
1,0.0,190.0,-13046.0,190
1,0.0,190.0,-12705.0,190
1,0.0,191.0,-12999.0,190
1,0.0,191.0,-13146.0,190
1,0.0,190.0,-13071.0,190
1,0.0,190.0,-12420.0,190
1,0.0,191.0,-12773.0,190
1,0.0,191.0,-12679.0,190
1,0.0,192.0,-13057.0,190
1,0.0,190.0,-12984.0,190
1,0.0,192.0,-12693.0,190
2,0.0,225.0,-17434.0,180
2,1.0,170.0,-17443.0,180
2,0.0,170.0,-17270.0,180
2,1.0,223.0,-19371.0,180
2,0.0,226.0,-15626.0,180
2,1.0,171.0,-17093.0,180
2,0.0,223.0,-16672.0,180
2,1.0,170.0,-17293.0,180
2,0.0,171.0,-17540.0,180
2,1.0,220.0,-23905.0,180
2,0.0,170.0,-17638.0,180
2,1.0,222.0,-23608.0,180
2,0.0,227.0,-15770.0,180
2,1.0,170.0,-16958.0,180
2,0.0,227.0,-15054.0,180
2,1.0,170.0,-17506.0,180
2,0.0,224.0,-17274.0,180
2,1.0,170.0,-17454.0,180
2,0.0,171.0,-17292.0,180
2,1.0,221.0,-18230.0,180
2,0.0,171.0,-17221.0,180
2,1.0,223.0,-18555.0,180
2,0.0,170.0,-17259.0,180
2,1.0,223.0,-18927.0,180
2,0.0,171.0,-17269.0,180
2,1.0,224.0,-19277.0,180
2,0.0,171.0,-17607.0,180
2,1.0,223.0,-18602.0,180
2,0.0,170.0,-17694.0,180
2,1.0,223.0,-18540.0,180
2,0.0,170.0,-17789.0,180
2,1.0,222.0,-18648.0,180
2,0.0,170.0,-17471.0,180
2,1.0,222.0,-18558.0,180
2,0.0,170.0,-17861.0,180
2,1.0,224.0,-18966.0,180
2,0.0,170.0,-17447.0,180
2,1.0,224.0,-18870.0,180
2,0.0,170.0,-17678.0,180
2,1.0,222.0,-18340.0,180
2,0.0,170.0,-17900.0,180
2,1.0,222.0,-18230.0,180
2,0.0,171.0,-17165.0,180
2,1.0,223.0,-18253.0,180
2,0.0,170.0,-17110.0,180
2,1.0,222.0,-18576.0,180
2,0.0,170.0,-17326.0,180
2,1.0,222.0,-17799.0,180
2,0.0,170.0,-17137.0,180
2,1.0,226.0,-18805.0,180
2,0.0,170.0,-17607.0,180
2,1.0,222.0,-17819.0,180
2,0.0,170.0,-17670.0,180
2,1.0,222.0,-18248.0,180
2,0.0,170.0,-17598.0,180
2,1.0,223.0,-18306.0,180
2,0.0,170.0,-17514.0,180
2,1.0,222.0,-18212.0,180
2,0.0,171.0,-17486.0,180
2,1.0,223.0,-19049.0,180
2,0.0,171.0,-17986.0,180
2,1.0,223.0,-18616.0,180
2,0.0,170.0,-17822.0,180
2,1.0,223.0,-18270.0,180
2,0.0,171.0,-17411.0,180
2,1.0,223.0,-18532.0,180
2,0.0,171.0,-15963.0,180
2,1.0,223.0,-18287.0,180
2,0.0,220.0,-16791.0,180
2,1.0,167.0,-18216.0,180
2,0.0,221.0,-16596.0,180
2,1.0,169.0,-17703.0,180
2,0.0,224.0,-18034.0,180
2,1.0,170.0,-18170.0,180
2,0.0,169.0,-17445.0,180
2,1.0,223.0,-17448.0,180
2,0.0,171.0,-17622.0,180
2,1.0,223.0,-17998.0,180
2,0.0,171.0,-17560.0,180
2,1.0,223.0,-19127.0,180
2,0.0,170.0,-17168.0,180
2,1.0,222.0,-18161.0,180
2,0.0,170.0,-17195.0,180
2,1.0,222.0,-19712.0,180
2,0.0,170.0,-17247.0,180
2,1.0,223.0,-17718.0,180
2,0.0,168.0,-17752.0,180
2,1.0,223.0,-17926.0,180
2,0.0,171.0,-17636.0,180
2,1.0,222.0,-19400.0,180
2,0.0,223.0,-17164.0,180
2,1.0,170.0,-17961.0,180
2,0.0,170.0,-17509.0,180
2,1.0,222.0,-18209.0,180
2,0.0,171.0,-17388.0,180
2,1.0,222.0,-18982.0,180
2,0.0,170.0,-17996.0,180
2,1.0,222.0,-18959.0,180
2,0.0,171.0,-17405.0,180
2,1.0,221.0,-19565.0,180
3,0.0,223.0,-16040.0,170
3,1.0,162.0,-16363.0,170
3,0.0,224.0,-13273.0,170
3,1.0,164.0,-16258.0,170
3,0.0,163.0,-16633.0,170
3,1.0,222.0,-20669.0,170
3,0.0,224.0,-12354.0,170
3,1.0,165.0,-16297.0,170
3,0.0,165.0,-16609.0,170
3,1.0,223.0,-16645.0,170
3,0.0,223.0,-13307.0,170
3,1.0,164.0,-16593.0,170
3,0.0,165.0,-16601.0,170
3,1.0,220.0,-17645.0,170
3,0.0,163.0,-16776.0,170
3,1.0,221.0,-18781.0,170
3,0.0,223.0,-16048.0,170
3,1.0,164.0,-16587.0,170
3,0.0,223.0,-15023.0,170
3,1.0,164.0,-17110.0,170
3,0.0,224.0,-14574.0,170
3,1.0,163.0,-16803.0,170
3,0.0,163.0,-16465.0,170
3,1.0,223.0,-17748.0,170
3,0.0,223.0,-14322.0,170
3,1.0,164.0,-16811.0,170
3,0.0,164.0,-16837.0,170
3,1.0,221.0,-19827.0,170
3,0.0,164.0,-16485.0,170
3,1.0,223.0,-16924.0,170
3,0.0,222.0,-14648.0,170
3,1.0,164.0,-16528.0,170
3,0.0,223.0,-14343.0,170
3,1.0,165.0,-16634.0,170
3,0.0,223.0,-15465.0,170
3,1.0,164.0,-16956.0,170
3,0.0,222.0,-16898.0,170
3,1.0,164.0,-16908.0,170
3,0.0,164.0,-16540.0,170
3,1.0,220.0,-17851.0,170
3,0.0,163.0,-17314.0,170
3,1.0,221.0,-17540.0,170
3,0.0,224.0,-13441.0,170
3,1.0,166.0,-16463.0,170
3,0.0,224.0,-13382.0,170
3,1.0,164.0,-16921.0,170
3,0.0,222.0,-16466.0,170
3,1.0,165.0,-16795.0,170
3,0.0,223.0,-13219.0,170
3,1.0,164.0,-16411.0,170
3,0.0,224.0,-13411.0,170
3,1.0,163.0,-16608.0,170
3,0.0,163.0,-16809.0,170
3,1.0,221.0,-18465.0,170
3,0.0,224.0,-13923.0,170
3,1.0,163.0,-17104.0,170
3,0.0,222.0,-16007.0,170
3,1.0,162.0,-16613.0,170
3,0.0,165.0,-16495.0,170
3,1.0,221.0,-17209.0,170
3,0.0,165.0,-16799.0,170
3,1.0,221.0,-17455.0,170
3,0.0,164.0,-16735.0,170
3,1.0,221.0,-17957.0,170
3,0.0,222.0,-15088.0,170
3,1.0,164.0,-16813.0,170
3,0.0,164.0,-16500.0,170
3,1.0,221.0,-18526.0,170
3,0.0,163.0,-16793.0,170
3,1.0,222.0,-19894.0,170
3,0.0,223.0,-13602.0,170
3,1.0,163.0,-17137.0,170
3,0.0,223.0,-13305.0,170
3,1.0,165.0,-16348.0,170
3,0.0,162.0,-16525.0,170
3,1.0,222.0,-17597.0,170
3,0.0,222.0,-15115.0,170
3,1.0,163.0,-16410.0,170
3,0.0,163.0,-16395.0,170
3,1.0,221.0,-17335.0,170
3,0.0,221.0,-16394.0,170
3,1.0,164.0,-16723.0,170
3,0.0,221.0,-16510.0,170
3,1.0,165.0,-17035.0,170
3,0.0,222.0,-16512.0,170
3,1.0,164.0,-16755.0,170
3,0.0,222.0,-15950.0,170
3,1.0,164.0,-16411.0,170
3,0.0,224.0,-14905.0,170
3,1.0,165.0,-16478.0,170
3,0.0,163.0,-16616.0,170
3,1.0,221.0,-18798.0,170
3,0.0,223.0,-14054.0,170
3,1.0,163.0,-17051.0,170
3,0.0,223.0,-16791.0,170
3,1.0,163.0,-17075.0,170
3,0.0,223.0,-16827.0,170
3,1.0,163.0,-16879.0,170
3,0.0,224.0,-13772.0,170
3,1.0,164.0,-16695.0,170
4,0.0,156.0,-14460.0,160
4,1.0,219.0,-14885.0,160
4,0.0,155.0,-14586.0,160
4,1.0,219.0,-15191.0,160
4,0.0,156.0,-14877.0,160
4,1.0,217.0,-16557.0,160
4,0.0,157.0,-14580.0,160
4,1.0,218.0,-16965.0,160
4,0.0,157.0,-14372.0,160
4,1.0,219.0,-15563.0,160
4,0.0,156.0,-14380.0,160
4,1.0,218.0,-15957.0,160
4,0.0,157.0,-14580.0,160
4,1.0,217.0,-15800.0,160
4,0.0,156.0,-14185.0,160
4,1.0,217.0,-15841.0,160
4,0.0,156.0,-14568.0,160
4,1.0,217.0,-17680.0,160
4,0.0,156.0,-14761.0,160
4,1.0,216.0,-17632.0,160
4,0.0,155.0,-14624.0,160
4,1.0,218.0,-15634.0,160
4,0.0,156.0,-14134.0,160
4,1.0,217.0,-16647.0,160
4,0.0,156.0,-14762.0,160
4,1.0,217.0,-17423.0,160
4,0.0,156.0,-14785.0,160
4,1.0,218.0,-15145.0,160
4,0.0,156.0,-14564.0,160
4,1.0,217.0,-16831.0,160
4,0.0,155.0,-14479.0,160
4,1.0,219.0,-15937.0,160
4,0.0,156.0,-14577.0,160
4,1.0,218.0,-16170.0,160
4,0.0,155.0,-14714.0,160
4,1.0,219.0,-15412.0,160
4,0.0,156.0,-14375.0,160
4,1.0,218.0,-15977.0,160
4,0.0,157.0,-14582.0,160
4,1.0,217.0,-17025.0,160
4,0.0,156.0,-14540.0,160
4,1.0,218.0,-17673.0,160
4,0.0,156.0,-14512.0,160
4,1.0,217.0,-16962.0,160
4,0.0,156.0,-14483.0,160
4,1.0,219.0,-14985.0,160
4,0.0,155.0,-14583.0,160
4,1.0,219.0,-16088.0,160
4,0.0,156.0,-14379.0,160
4,1.0,220.0,-15201.0,160
4,0.0,156.0,-14550.0,160
4,1.0,217.0,-17232.0,160
4,0.0,157.0,-14455.0,160
4,1.0,220.0,-14773.0,160
4,0.0,156.0,-14361.0,160
4,1.0,218.0,-16083.0,160
4,0.0,157.0,-14381.0,160
4,1.0,217.0,-15842.0,160
4,0.0,157.0,-14643.0,160
4,1.0,215.0,-16983.0,160
4,0.0,155.0,-14458.0,160
4,1.0,218.0,-16572.0,160
4,0.0,156.0,-14353.0,160
4,1.0,216.0,-17407.0,160
4,0.0,155.0,-14451.0,160
4,1.0,217.0,-17634.0,160
4,0.0,156.0,-14401.0,160
4,1.0,217.0,-16746.0,160
4,0.0,157.0,-14467.0,160
4,1.0,217.0,-17114.0,160
4,0.0,156.0,-14561.0,160
4,1.0,219.0,-15105.0,160
4,0.0,154.0,-14604.0,160
4,1.0,218.0,-15127.0,160
4,0.0,156.0,-14728.0,160
4,1.0,217.0,-15957.0,160
4,0.0,154.0,-14393.0,160
4,1.0,218.0,-16936.0,160
4,0.0,157.0,-14494.0,160
4,1.0,218.0,-16340.0,160
4,0.0,156.0,-14782.0,160
4,1.0,219.0,-15633.0,160
4,0.0,156.0,-14219.0,160
4,1.0,220.0,-16024.0,160
4,0.0,157.0,-14515.0,160
4,1.0,218.0,-15844.0,160
4,0.0,157.0,-14301.0,160
4,1.0,217.0,-15911.0,160
4,0.0,155.0,-14759.0,160
4,1.0,218.0,-17044.0,160
4,0.0,155.0,-14354.0,160
4,1.0,216.0,-17378.0,160
4,0.0,155.0,-14285.0,160
4,1.0,218.0,-16152.0,160
4,0.0,155.0,-14401.0,160
4,1.0,217.0,-17008.0,160
4,0.0,156.0,-14378.0,160
4,1.0,217.0,-17184.0,160
4,0.0,156.0,-14446.0,160
4,1.0,219.0,-15574.0,160
5,0.0,148.0,-13374.0,150
5,0.0,148.0,-13473.0,150
5,0.0,148.0,-13485.0,150
5,0.0,148.0,-13475.0,150
5,0.0,147.0,-13566.0,150
5,0.0,148.0,-13475.0,150
5,0.0,148.0,-13507.0,150
5,0.0,148.0,-13446.0,150
5,0.0,148.0,-13553.0,150
5,0.0,148.0,-13356.0,150
5,0.0,148.0,-13493.0,150
5,0.0,148.0,-13341.0,150
5,0.0,147.0,-13285.0,150
5,0.0,148.0,-13498.0,150
5,0.0,148.0,-13512.0,150
5,0.0,147.0,-13566.0,150
5,0.0,148.0,-13512.0,150
5,0.0,148.0,-13471.0,150
5,0.0,147.0,-13542.0,150
5,0.0,148.0,-13491.0,150
5,0.0,147.0,-13371.0,150
5,0.0,148.0,-13907.0,150
5,0.0,148.0,-13555.0,150
5,0.0,148.0,-13546.0,150
5,0.0,148.0,-13587.0,150
5,0.0,147.0,-13662.0,150
5,0.0,148.0,-13383.0,150
5,0.0,148.0,-13500.0,150
5,0.0,148.0,-13481.0,150
5,0.0,148.0,-13611.0,150
5,0.0,147.0,-13644.0,150
5,0.0,147.0,-13339.0,150
5,0.0,147.0,-13511.0,150
5,0.0,148.0,-13476.0,150
5,0.0,147.0,-13685.0,150
5,0.0,147.0,-13376.0,150
5,0.0,148.0,-13683.0,150
5,0.0,147.0,-13661.0,150
5,0.0,147.0,-13676.0,150
5,0.0,148.0,-13670.0,150
5,1.0,243.0,-18363.0,150
5,0.0,148.0,-13434.0,150
5,1.0,246.0,-17204.0,150
5,0.0,147.0,-13383.0,150
5,1.0,218.0,-21617.0,150
5,0.0,148.0,-13400.0,150
5,1.0,241.0,-18506.0,150
5,0.0,147.0,-13666.0,150
5,1.0,233.0,-22038.0,150
5,0.0,148.0,-13464.0,150
5,1.0,236.0,-23056.0,150
5,0.0,147.0,-13718.0,150
5,1.0,252.0,-18518.0,150
5,0.0,148.0,-13446.0,150
5,1.0,221.0,-24232.0,150
5,0.0,148.0,-13279.0,150
5,0.0,149.0,-13363.0,150
5,0.0,148.0,-13562.0,150
5,0.0,148.0,-13622.0,150
5,1.0,227.0,-23877.0,150
5,0.0,148.0,-13600.0,150
5,1.0,220.0,-24217.0,150
5,0.0,147.0,-13364.0,150
5,1.0,251.0,-17886.0,150
5,0.0,148.0,-13161.0,150
5,1.0,233.0,-17916.0,150
5,0.0,147.0,-13286.0,150
5,1.0,246.0,-18660.0,150
5,0.0,148.0,-13572.0,150
5,1.0,226.0,-24059.0,150
5,0.0,148.0,-13548.0,150
5,1.0,219.0,-24002.0,150
5,0.0,147.0,-13568.0,150
5,0.0,148.0,-13632.0,150
5,0.0,148.0,-13575.0,150
5,1.0,250.0,-21752.0,150
5,0.0,148.0,-13439.0,150
5,1.0,245.0,-19736.0,150
5,0.0,147.0,-13685.0,150
5,1.0,247.0,-19912.0,150
5,0.0,148.0,-13489.0,150
5,0.0,148.0,-13506.0,150
5,1.0,225.0,-24361.0,150
5,0.0,148.0,-13336.0,150
5,1.0,222.0,-21792.0,150
5,0.0,148.0,-13609.0,150
5,1.0,244.0,-18827.0,150
5,0.0,148.0,-13413.0,150
5,1.0,246.0,-16926.0,150
5,0.0,148.0,-13626.0,150
5,1.0,222.0,-23486.0,150
5,0.0,148.0,-13636.0,150
5,0.0,148.0,-13447.0,150
5,0.0,147.0,-13500.0,150
5,0.0,148.0,-13402.0,150
5,0.0,148.0,-13362.0,150
5,0.0,147.0,-13325.0,150
5,0.0,148.0,-13324.0,150
5,0.0,148.0,-13397.0,150
5,0.0,148.0,-13578.0,150
6,0.0,288.0,-10472.0,140
6,1.0,135.0,-14064.0,140
6,2.0,222.0,-17424.0,140
6,0.0,290.0,-9251.0,140
6,1.0,136.0,-14191.0,140
6,2.0,220.0,-17679.0,140
6,0.0,287.0,-9768.0,140
6,1.0,136.0,-13974.0,140
6,2.0,221.0,-17343.0,140
6,0.0,290.0,-9632.0,140
6,1.0,136.0,-14121.0,140
6,2.0,222.0,-17469.0,140
6,0.0,287.0,-9988.0,140
6,1.0,135.0,-14215.0,140
6,2.0,220.0,-17849.0,140
6,0.0,290.0,-9669.0,140
6,1.0,135.0,-14197.0,140
6,2.0,222.0,-17614.0,140
6,0.0,290.0,-9510.0,140
6,1.0,135.0,-14165.0,140
6,2.0,222.0,-16997.0,140
6,0.0,286.0,-10413.0,140
6,1.0,136.0,-14190.0,140
6,2.0,221.0,-17558.0,140
6,0.0,290.0,-9664.0,140
6,1.0,137.0,-14064.0,140
6,2.0,220.0,-17490.0,140
6,0.0,289.0,-9734.0,140
6,1.0,136.0,-14233.0,140
6,2.0,221.0,-17704.0,140
6,0.0,290.0,-10101.0,140
6,1.0,136.0,-14057.0,140
6,2.0,222.0,-17141.0,140
6,0.0,290.0,-9549.0,140
6,1.0,136.0,-14181.0,140
6,2.0,221.0,-17547.0,140
6,0.0,289.0,-10187.0,140
6,1.0,136.0,-14059.0,140
6,2.0,222.0,-17175.0,140
6,0.0,290.0,-9883.0,140
6,1.0,135.0,-14323.0,140
6,2.0,220.0,-17595.0,140
6,0.0,291.0,-10194.0,140
6,1.0,136.0,-14093.0,140
6,2.0,222.0,-17403.0,140
6,0.0,291.0,-10251.0,140
6,1.0,136.0,-14010.0,140
6,2.0,221.0,-17563.0,140
6,0.0,287.0,-10047.0,140
6,1.0,137.0,-14201.0,140
6,2.0,221.0,-17935.0,140
6,0.0,289.0,-9989.0,140
6,1.0,135.0,-14010.0,140
6,2.0,221.0,-17446.0,140
6,0.0,289.0,-9987.0,140
6,1.0,137.0,-14109.0,140
6,2.0,222.0,-17899.0,140
6,0.0,288.0,-10495.0,140
6,1.0,136.0,-13999.0,140
6,2.0,221.0,-17314.0,140
6,0.0,287.0,-10327.0,140
6,1.0,137.0,-14046.0,140
6,2.0,223.0,-17337.0,140
6,0.0,290.0,-9708.0,140
6,1.0,136.0,-13997.0,140
6,2.0,220.0,-17237.0,140
6,0.0,290.0,-9831.0,140
6,1.0,137.0,-13717.0,140
6,2.0,224.0,-16939.0,140
6,0.0,289.0,-9055.0,140
6,1.0,136.0,-14122.0,140
6,2.0,220.0,-17117.0,140
6,0.0,291.0,-9681.0,140
6,1.0,135.0,-14331.0,140
6,2.0,220.0,-17883.0,140
6,0.0,290.0,-9912.0,140
6,1.0,135.0,-14150.0,140
6,2.0,221.0,-17369.0,140
6,0.0,287.0,-10079.0,140
6,1.0,136.0,-13860.0,140
6,2.0,220.0,-17635.0,140
6,0.0,289.0,-10152.0,140
6,1.0,135.0,-14108.0,140
6,2.0,220.0,-17325.0,140
6,0.0,287.0,-9751.0,140
6,1.0,135.0,-14114.0,140
6,2.0,222.0,-17449.0,140
6,0.0,290.0,-9643.0,140
6,1.0,136.0,-13854.0,140
6,2.0,220.0,-17050.0,140
6,0.0,288.0,-9774.0,140
6,1.0,135.0,-14173.0,140
6,2.0,221.0,-17633.0,140
6,0.0,290.0,-9752.0,140
6,1.0,136.0,-14209.0,140
6,2.0,221.0,-17272.0,140
6,0.0,289.0,-9589.0,140
6,1.0,136.0,-14079.0,140
6,2.0,222.0,-19629.0,140
6,0.0,290.0,-9763.0,140
7,0.0,282.0,-8305.0,130
7,1.0,220.0,-13501.0,130
7,2.0,121.0,-14556.0,130
7,0.0,285.0,-7841.0,130
7,1.0,220.0,-13698.0,130
7,2.0,121.0,-14640.0,130
7,0.0,282.0,-8010.0,130
7,1.0,220.0,-13728.0,130
7,2.0,121.0,-14560.0,130
7,0.0,283.0,-7487.0,130
7,1.0,220.0,-13874.0,130
7,2.0,121.0,-14675.0,130
7,0.0,282.0,-8282.0,130
7,1.0,221.0,-13725.0,130
7,2.0,121.0,-14642.0,130
7,0.0,282.0,-7454.0,130
7,1.0,220.0,-13232.0,130
7,2.0,121.0,-14769.0,130
7,0.0,283.0,-8249.0,130
7,1.0,221.0,-13458.0,130
7,2.0,121.0,-14407.0,130
7,0.0,282.0,-8326.0,130
7,1.0,221.0,-13530.0,130
7,2.0,121.0,-14487.0,130
7,0.0,284.0,-7852.0,130
7,1.0,221.0,-13729.0,130
7,2.0,121.0,-14755.0,130
7,0.0,282.0,-7949.0,130
7,1.0,220.0,-13948.0,130
7,2.0,121.0,-14525.0,130
7,0.0,283.0,-8001.0,130
7,1.0,220.0,-13657.0,130
7,2.0,121.0,-14853.0,130
7,0.0,284.0,-8152.0,130
7,1.0,218.0,-13886.0,130
7,2.0,121.0,-14630.0,130
7,0.0,280.0,-7738.0,130
7,1.0,220.0,-14042.0,130
7,2.0,121.0,-14868.0,130
7,0.0,282.0,-8223.0,130
7,1.0,220.0,-14161.0,130
7,2.0,121.0,-14727.0,130
7,0.0,283.0,-8429.0,130
7,1.0,221.0,-13949.0,130
7,2.0,121.0,-14853.0,130
7,0.0,285.0,-7690.0,130
7,1.0,220.0,-13920.0,130
7,2.0,121.0,-14645.0,130
7,0.0,281.0,-8397.0,130
7,1.0,220.0,-13470.0,130
7,2.0,121.0,-14474.0,130
7,0.0,284.0,-8386.0,130
7,1.0,220.0,-13651.0,130
7,2.0,121.0,-14593.0,130
7,0.0,282.0,-8566.0,130
7,1.0,221.0,-13969.0,130
7,2.0,121.0,-14383.0,130
7,0.0,284.0,-7966.0,130
7,1.0,221.0,-13450.0,130
7,2.0,121.0,-14494.0,130
7,0.0,280.0,-7715.0,130
7,1.0,220.0,-13792.0,130
7,2.0,121.0,-14778.0,130
7,0.0,284.0,-8050.0,130
7,1.0,221.0,-13408.0,130
7,2.0,121.0,-14682.0,130
7,0.0,281.0,-8132.0,130
7,1.0,221.0,-13546.0,130
7,2.0,121.0,-14564.0,130
7,0.0,281.0,-7749.0,130
7,1.0,220.0,-13619.0,130
7,2.0,121.0,-14433.0,130
7,0.0,283.0,-8500.0,130
7,1.0,219.0,-13907.0,130
7,2.0,121.0,-14701.0,130
7,0.0,282.0,-7631.0,130
7,1.0,221.0,-13566.0,130
7,2.0,121.0,-14720.0,130
7,0.0,279.0,-8352.0,130
7,1.0,221.0,-13518.0,130
7,2.0,121.0,-14524.0,130
7,0.0,283.0,-8327.0,130
7,1.0,220.0,-14172.0,130
7,2.0,121.0,-14807.0,130
7,0.0,282.0,-7681.0,130
7,1.0,221.0,-13817.0,130
7,2.0,121.0,-14623.0,130
7,0.0,281.0,-7907.0,130
7,1.0,220.0,-13761.0,130
7,2.0,121.0,-14585.0,130
7,0.0,282.0,-7933.0,130
7,1.0,220.0,-14109.0,130
7,2.0,121.0,-14902.0,130
7,0.0,281.0,-8300.0,130
7,1.0,220.0,-14166.0,130
7,2.0,121.0,-14790.0,130
7,0.0,285.0,-8189.0,130
7,1.0,220.0,-13809.0,130
7,2.0,121.0,-14685.0,130
7,0.0,283.0,-8131.0,130
8,0.0,261.0,-9164.0,120
8,1.0,106.0,-13819.0,120
8,2.0,182.0,-25855.0,120
8,0.0,260.0,-9639.0,120
8,1.0,106.0,-13912.0,120
8,2.0,183.0,-25618.0,120
8,0.0,260.0,-9652.0,120
8,1.0,106.0,-14022.0,120
8,2.0,182.0,-25774.0,120
8,0.0,261.0,-10028.0,120
8,1.0,106.0,-13874.0,120
8,2.0,184.0,-26259.0,120
8,0.0,260.0,-9879.0,120
8,1.0,106.0,-13950.0,120
8,2.0,183.0,-25325.0,120
8,0.0,259.0,-9891.0,120
8,1.0,106.0,-14094.0,120
8,2.0,185.0,-26046.0,120
8,0.0,107.0,-14080.0,120
8,1.0,222.0,-17433.0,120
8,0.0,260.0,-9864.0,120
8,1.0,106.0,-13934.0,120
8,2.0,185.0,-25420.0,120
8,0.0,260.0,-9584.0,120
8,1.0,106.0,-13947.0,120
8,2.0,201.0,-23892.0,120
8,0.0,259.0,-9629.0,120
8,1.0,106.0,-13845.0,120
8,2.0,185.0,-25507.0,120
8,0.0,262.0,-9884.0,120
8,1.0,106.0,-13798.0,120
8,2.0,182.0,-25595.0,120
8,0.0,262.0,-9304.0,120
8,1.0,106.0,-13846.0,120
8,2.0,203.0,-23150.0,120
8,0.0,106.0,-13878.0,120
8,1.0,236.0,-16797.0,120
8,0.0,260.0,-9401.0,120
8,1.0,107.0,-13884.0,120
8,2.0,183.0,-25823.0,120
8,0.0,258.0,-9599.0,120
8,1.0,106.0,-13990.0,120
8,2.0,182.0,-25243.0,120
8,0.0,243.0,-13735.0,120
8,1.0,106.0,-14254.0,120
8,0.0,106.0,-13944.0,120
8,1.0,222.0,-19350.0,120
8,0.0,261.0,-9122.0,120
8,1.0,106.0,-13977.0,120
8,2.0,185.0,-26147.0,120
8,0.0,260.0,-9288.0,120
8,1.0,106.0,-14063.0,120
8,2.0,200.0,-22210.0,120
8,0.0,106.0,-13843.0,120
8,1.0,220.0,-19067.0,120
8,0.0,260.0,-9402.0,120
8,1.0,106.0,-13937.0,120
8,2.0,185.0,-25820.0,120
8,0.0,259.0,-10160.0,120
8,1.0,106.0,-14111.0,120
8,2.0,184.0,-25288.0,120
8,0.0,262.0,-9466.0,120
8,1.0,106.0,-14023.0,120
8,2.0,202.0,-21896.0,120
8,0.0,261.0,-9640.0,120
8,1.0,106.0,-13954.0,120
8,2.0,180.0,-25807.0,120
8,0.0,262.0,-9711.0,120
8,1.0,106.0,-13792.0,120
8,2.0,183.0,-26401.0,120
8,0.0,259.0,-9637.0,120
8,1.0,106.0,-14103.0,120
8,2.0,182.0,-25666.0,120
8,0.0,106.0,-14058.0,120
8,1.0,241.0,-16042.0,120
8,2.0,182.0,-26074.0,120
8,0.0,260.0,-9563.0,120
8,1.0,106.0,-13873.0,120
8,2.0,185.0,-25068.0,120
8,0.0,259.0,-9927.0,120
8,1.0,106.0,-13964.0,120
8,0.0,261.0,-9864.0,120
8,1.0,106.0,-14145.0,120
8,2.0,200.0,-22463.0,120
8,0.0,244.0,-13892.0,120
8,1.0,107.0,-14142.0,120
8,2.0,185.0,-25855.0,120
8,0.0,259.0,-9594.0,120
8,1.0,106.0,-14003.0,120
8,2.0,200.0,-22198.0,120
8,0.0,260.0,-9628.0,120
8,1.0,106.0,-13730.0,120
8,2.0,183.0,-25947.0,120
8,0.0,261.0,-9611.0,120
8,1.0,106.0,-14027.0,120
8,2.0,182.0,-26213.0,120
8,0.0,106.0,-13995.0,120
8,1.0,223.0,-18150.0,120
8,0.0,106.0,-13978.0,120
8,1.0,240.0,-14081.0,120
9,0.0,252.0,-11233.0,110
9,1.0,100.0,-13327.0,110
9,2.0,210.0,-17705.0,110
9,0.0,252.0,-11072.0,110
9,1.0,101.0,-13548.0,110
9,2.0,208.0,-17768.0,110
9,0.0,251.0,-10721.0,110
9,1.0,101.0,-13650.0,110
9,2.0,209.0,-17529.0,110
9,0.0,252.0,-10816.0,110
9,1.0,100.0,-13394.0,110
9,2.0,209.0,-17615.0,110
9,0.0,251.0,-10624.0,110
9,1.0,101.0,-13682.0,110
9,2.0,209.0,-17853.0,110
9,0.0,252.0,-11077.0,110
9,1.0,101.0,-13588.0,110
9,2.0,209.0,-17455.0,110
9,0.0,251.0,-10879.0,110
9,1.0,101.0,-13627.0,110
9,2.0,210.0,-17100.0,110
9,0.0,250.0,-11070.0,110
9,1.0,101.0,-13451.0,110
9,2.0,210.0,-17064.0,110
9,0.0,251.0,-10740.0,110
9,1.0,101.0,-13697.0,110
9,2.0,209.0,-17389.0,110
9,0.0,251.0,-11179.0,110
9,1.0,101.0,-13582.0,110
9,2.0,209.0,-17748.0,110
9,0.0,250.0,-10937.0,110
9,1.0,100.0,-13507.0,110
9,2.0,209.0,-17690.0,110
9,0.0,100.0,-13733.0,110
9,1.0,223.0,-15254.0,110
9,0.0,252.0,-11129.0,110
9,1.0,100.0,-13798.0,110
9,2.0,209.0,-17658.0,110
9,0.0,101.0,-13621.0,110
9,1.0,223.0,-15342.0,110
9,0.0,250.0,-10738.0,110
9,1.0,101.0,-13401.0,110
9,2.0,210.0,-17248.0,110
9,0.0,251.0,-10892.0,110
9,1.0,100.0,-13591.0,110
9,2.0,210.0,-17746.0,110
9,0.0,250.0,-11605.0,110
9,1.0,100.0,-13721.0,110
9,2.0,210.0,-17677.0,110
9,0.0,251.0,-10715.0,110
9,1.0,100.0,-13604.0,110
9,2.0,209.0,-17638.0,110
9,0.0,252.0,-11372.0,110
9,1.0,100.0,-13807.0,110
9,2.0,210.0,-17691.0,110
9,0.0,252.0,-10400.0,110
9,1.0,100.0,-13649.0,110
9,2.0,209.0,-16278.0,110
9,0.0,253.0,-10652.0,110
9,1.0,101.0,-13632.0,110
9,2.0,211.0,-17464.0,110
9,0.0,251.0,-11527.0,110
9,1.0,100.0,-13407.0,110
9,2.0,200.0,-20298.0,110
9,0.0,251.0,-11384.0,110
9,1.0,101.0,-13691.0,110
9,2.0,209.0,-18162.0,110
9,0.0,250.0,-11403.0,110
9,1.0,100.0,-13518.0,110
9,2.0,209.0,-17671.0,110
9,0.0,252.0,-11061.0,110
9,1.0,101.0,-13567.0,110
9,2.0,209.0,-17563.0,110
9,0.0,251.0,-10540.0,110
9,1.0,101.0,-13455.0,110
9,2.0,210.0,-18047.0,110
9,0.0,251.0,-11434.0,110
9,1.0,100.0,-13473.0,110
9,2.0,209.0,-17596.0,110
9,0.0,251.0,-11378.0,110
9,1.0,100.0,-13670.0,110
9,2.0,210.0,-17369.0,110
9,0.0,252.0,-11708.0,110
9,1.0,101.0,-13606.0,110
9,2.0,209.0,-17297.0,110
9,0.0,250.0,-10877.0,110
9,1.0,101.0,-13773.0,110
9,2.0,209.0,-17549.0,110
9,0.0,250.0,-11676.0,110
9,1.0,101.0,-13543.0,110
9,2.0,209.0,-17079.0,110
9,0.0,251.0,-11191.0,110
9,1.0,101.0,-13677.0,110
9,2.0,210.0,-17192.0,110
9,0.0,252.0,-10235.0,110
9,1.0,101.0,-13519.0,110
9,2.0,210.0,-17698.0,110
9,0.0,100.0,-13539.0,110
9,1.0,223.0,-15143.0,110
9,0.0,250.0,-10998.0,110
10,0.0,249.0,-7968.0,100
10,1.0,88.0,-12921.0,100
10,2.0,204.0,-18751.0,100
10,0.0,247.0,-8723.0,100
10,1.0,88.0,-12999.0,100
10,2.0,205.0,-18664.0,100
10,0.0,250.0,-8293.0,100
10,1.0,88.0,-12976.0,100
10,2.0,203.0,-19454.0,100
10,0.0,247.0,-8536.0,100
10,1.0,88.0,-13033.0,100
10,2.0,205.0,-19053.0,100
10,0.0,247.0,-8675.0,100
10,1.0,88.0,-13249.0,100
10,2.0,204.0,-19163.0,100
10,0.0,248.0,-8301.0,100
10,1.0,88.0,-12896.0,100
10,2.0,205.0,-18442.0,100
10,0.0,248.0,-8780.0,100
10,1.0,87.0,-12947.0,100
10,2.0,205.0,-18664.0,100
10,0.0,247.0,-8497.0,100
10,1.0,88.0,-13325.0,100
10,2.0,205.0,-18580.0,100
10,0.0,247.0,-8272.0,100
10,1.0,88.0,-12948.0,100
10,2.0,204.0,-18711.0,100
10,0.0,249.0,-8539.0,100
10,1.0,89.0,-12976.0,100
10,2.0,204.0,-18906.0,100
10,0.0,248.0,-8475.0,100
10,1.0,88.0,-13011.0,100
10,2.0,205.0,-18967.0,100
10,0.0,248.0,-8292.0,100
10,1.0,87.0,-13029.0,100
10,2.0,204.0,-18274.0,100
10,0.0,249.0,-8627.0,100
10,1.0,88.0,-13088.0,100
10,2.0,205.0,-19619.0,100
10,0.0,248.0,-8417.0,100
10,1.0,88.0,-12914.0,100
10,2.0,204.0,-18719.0,100
10,0.0,246.0,-8416.0,100
10,1.0,88.0,-13003.0,100
10,2.0,206.0,-19027.0,100
10,0.0,249.0,-7831.0,100
10,1.0,88.0,-12846.0,100
10,2.0,204.0,-18715.0,100
10,0.0,247.0,-7786.0,100
10,1.0,88.0,-12907.0,100
10,2.0,203.0,-18442.0,100
10,0.0,248.0,-8616.0,100
10,1.0,88.0,-12983.0,100
10,2.0,204.0,-18692.0,100
10,0.0,249.0,-8288.0,100
10,1.0,87.0,-12878.0,100
10,2.0,204.0,-18560.0,100
10,0.0,248.0,-8339.0,100
10,1.0,89.0,-12903.0,100
10,2.0,205.0,-18762.0,100
10,0.0,248.0,-8219.0,100
10,1.0,88.0,-13034.0,100
10,2.0,204.0,-18981.0,100
10,0.0,248.0,-8976.0,100
10,1.0,88.0,-13030.0,100
10,2.0,205.0,-19060.0,100
10,0.0,87.0,-13138.0,100
10,1.0,219.0,-15529.0,100
10,0.0,247.0,-8329.0,100
10,1.0,88.0,-13029.0,100
10,2.0,205.0,-18534.0,100
10,0.0,248.0,-8136.0,100
10,1.0,88.0,-12902.0,100
10,2.0,204.0,-19060.0,100
10,0.0,246.0,-8940.0,100
10,1.0,88.0,-12968.0,100
10,2.0,203.0,-18996.0,100
10,0.0,249.0,-8639.0,100
10,1.0,88.0,-12837.0,100
10,2.0,205.0,-19416.0,100
10,0.0,248.0,-8172.0,100
10,1.0,88.0,-12971.0,100
10,2.0,205.0,-18872.0,100
10,0.0,249.0,-8689.0,100
10,1.0,88.0,-12950.0,100
10,2.0,204.0,-18683.0,100
10,0.0,247.0,-8641.0,100
10,1.0,88.0,-13036.0,100
10,2.0,205.0,-18809.0,100
10,0.0,247.0,-8230.0,100
10,1.0,88.0,-12989.0,100
10,2.0,204.0,-18204.0,100
10,0.0,247.0,-8280.0,100
10,1.0,87.0,-12967.0,100
10,2.0,205.0,-20098.0,100
10,0.0,248.0,-8283.0,100
10,1.0,88.0,-12798.0,100
10,2.0,203.0,-17987.0,100
10,0.0,249.0,-8064.0,100
10,1.0,88.0,-12919.0,100
11,0.0,237.0,-10227.0,90
11,1.0,74.0,-12410.0,90
11,2.0,126.0,-21712.0,90
11,0.0,238.0,-8056.0,90
11,1.0,74.0,-12362.0,90
11,2.0,124.0,-21610.0,90
11,0.0,236.0,-7781.0,90
11,1.0,74.0,-12457.0,90
11,2.0,125.0,-21715.0,90
11,0.0,237.0,-7925.0,90
11,1.0,74.0,-12411.0,90
11,2.0,125.0,-21537.0,90
11,0.0,238.0,-9840.0,90
11,1.0,74.0,-12196.0,90
11,2.0,124.0,-21005.0,90
11,0.0,237.0,-10140.0,90
11,1.0,74.0,-12560.0,90
11,2.0,124.0,-22092.0,90
11,0.0,241.0,-8294.0,90
11,1.0,74.0,-12439.0,90
11,2.0,124.0,-21812.0,90
11,0.0,237.0,-8240.0,90
11,1.0,74.0,-12415.0,90
11,2.0,125.0,-21887.0,90
11,0.0,238.0,-8198.0,90
11,1.0,74.0,-12374.0,90
11,2.0,123.0,-21732.0,90
11,0.0,237.0,-8375.0,90
11,1.0,74.0,-12488.0,90
11,2.0,124.0,-21614.0,90
11,0.0,237.0,-7905.0,90
11,1.0,74.0,-12413.0,90
11,2.0,124.0,-21740.0,90
11,0.0,241.0,-7999.0,90
11,1.0,74.0,-12457.0,90
11,2.0,125.0,-21670.0,90
11,0.0,239.0,-7948.0,90
11,1.0,74.0,-12415.0,90
11,2.0,124.0,-21280.0,90
11,0.0,238.0,-8284.0,90
11,1.0,74.0,-12631.0,90
11,2.0,125.0,-21400.0,90
11,0.0,238.0,-8312.0,90
11,1.0,74.0,-12391.0,90
11,2.0,124.0,-21696.0,90
11,0.0,238.0,-8485.0,90
11,1.0,74.0,-12456.0,90
11,2.0,124.0,-21856.0,90
11,0.0,239.0,-7977.0,90
11,1.0,74.0,-12454.0,90
11,2.0,124.0,-21341.0,90
11,0.0,239.0,-7972.0,90
11,1.0,74.0,-12388.0,90
11,2.0,124.0,-21361.0,90
11,0.0,238.0,-9954.0,90
11,1.0,74.0,-12362.0,90
11,2.0,124.0,-21558.0,90
11,0.0,239.0,-8066.0,90
11,1.0,74.0,-12330.0,90
11,2.0,124.0,-21706.0,90
11,0.0,238.0,-9867.0,90
11,1.0,74.0,-12448.0,90
11,2.0,124.0,-21419.0,90
11,0.0,241.0,-7859.0,90
11,1.0,74.0,-12290.0,90
11,2.0,124.0,-21099.0,90
11,0.0,239.0,-8272.0,90
11,1.0,74.0,-12692.0,90
11,2.0,124.0,-21019.0,90
11,0.0,239.0,-7805.0,90
11,1.0,74.0,-12331.0,90
11,2.0,124.0,-21206.0,90
11,0.0,240.0,-8083.0,90
11,1.0,74.0,-12465.0,90
11,2.0,123.0,-21818.0,90
11,0.0,238.0,-8503.0,90
11,1.0,74.0,-12501.0,90
11,2.0,123.0,-21440.0,90
11,0.0,237.0,-8552.0,90
11,1.0,74.0,-12273.0,90
11,2.0,121.0,-21414.0,90
11,0.0,239.0,-8022.0,90
11,1.0,74.0,-12397.0,90
11,2.0,124.0,-20771.0,90
11,0.0,240.0,-8182.0,90
11,1.0,74.0,-12210.0,90
11,2.0,123.0,-21027.0,90
11,0.0,238.0,-9942.0,90
11,1.0,74.0,-12304.0,90
11,2.0,123.0,-21001.0,90
11,0.0,237.0,-8307.0,90
11,1.0,74.0,-12348.0,90
11,2.0,122.0,-21555.0,90
11,0.0,238.0,-8315.0,90
11,1.0,74.0,-12384.0,90
11,2.0,124.0,-21010.0,90
11,0.0,236.0,-8487.0,90
11,1.0,74.0,-12473.0,90
11,2.0,124.0,-20434.0,90
11,0.0,238.0,-9837.0,90
12,0.0,219.0,-7166.0,80
12,1.0,68.0,-13774.0,80
12,2.0,292.0,-14589.0,80
12,0.0,219.0,-7316.0,80
12,1.0,67.0,-13859.0,80
12,2.0,283.0,-13965.0,80
12,0.0,219.0,-7177.0,80
12,1.0,68.0,-13761.0,80
12,0.0,219.0,-7187.0,80
12,1.0,68.0,-13627.0,80
12,2.0,287.0,-14898.0,80
12,0.0,219.0,-7363.0,80
12,1.0,68.0,-13951.0,80
12,2.0,291.0,-14076.0,80
12,0.0,219.0,-7197.0,80
12,1.0,68.0,-14077.0,80
12,2.0,292.0,-14528.0,80
12,0.0,219.0,-7219.0,80
12,1.0,68.0,-14054.0,80
12,2.0,292.0,-15024.0,80
12,0.0,220.0,-7327.0,80
12,1.0,68.0,-13845.0,80
12,2.0,291.0,-14851.0,80
12,0.0,219.0,-7389.0,80
12,1.0,67.0,-13959.0,80
12,2.0,290.0,-14608.0,80
12,0.0,220.0,-7330.0,80
12,1.0,68.0,-13855.0,80
12,2.0,288.0,-14338.0,80
12,0.0,220.0,-7311.0,80
12,1.0,69.0,-13897.0,80
12,2.0,290.0,-14755.0,80
12,0.0,220.0,-7433.0,80
12,1.0,67.0,-13956.0,80
12,2.0,287.0,-14718.0,80
12,0.0,220.0,-7328.0,80
12,1.0,68.0,-13862.0,80
12,2.0,291.0,-16259.0,80
12,0.0,220.0,-7262.0,80
12,1.0,290.0,-13476.0,80
12,2.0,68.0,-13990.0,80
12,0.0,220.0,-7319.0,80
12,1.0,68.0,-13822.0,80
12,0.0,219.0,-7175.0,80
12,1.0,68.0,-13738.0,80
12,2.0,288.0,-14216.0,80
12,0.0,219.0,-7382.0,80
12,1.0,68.0,-13825.0,80
12,2.0,291.0,-14892.0,80
12,0.0,219.0,-7195.0,80
12,1.0,68.0,-13716.0,80
12,0.0,220.0,-7213.0,80
12,1.0,68.0,-13909.0,80
12,2.0,286.0,-14005.0,80
12,0.0,219.0,-7340.0,80
12,1.0,68.0,-13940.0,80
12,2.0,290.0,-14450.0,80
12,0.0,219.0,-7324.0,80
12,1.0,68.0,-13821.0,80
12,2.0,290.0,-14412.0,80
12,0.0,219.0,-7210.0,80
12,1.0,67.0,-14015.0,80
12,2.0,292.0,-14472.0,80
12,0.0,219.0,-7292.0,80
12,1.0,68.0,-13964.0,80
12,2.0,290.0,-14909.0,80
12,0.0,220.0,-7105.0,80
12,1.0,68.0,-13791.0,80
12,2.0,286.0,-15102.0,80
12,0.0,220.0,-7252.0,80
12,1.0,67.0,-13961.0,80
12,2.0,290.0,-15460.0,80
12,0.0,219.0,-7322.0,80
12,1.0,289.0,-13433.0,80
12,2.0,68.0,-13831.0,80
12,0.0,219.0,-7438.0,80
12,1.0,68.0,-13699.0,80
12,2.0,288.0,-15517.0,80
12,0.0,219.0,-7195.0,80
12,1.0,68.0,-13920.0,80
12,0.0,219.0,-7328.0,80
12,1.0,67.0,-14035.0,80
12,2.0,289.0,-15083.0,80
12,0.0,220.0,-7196.0,80
12,1.0,68.0,-13792.0,80
12,0.0,220.0,-7274.0,80
12,1.0,68.0,-13856.0,80
12,2.0,292.0,-14946.0,80
12,0.0,219.0,-7064.0,80
12,1.0,67.0,-13923.0,80
12,2.0,288.0,-15156.0,80
12,0.0,220.0,-7246.0,80
12,1.0,68.0,-13760.0,80
12,2.0,288.0,-14365.0,80
12,0.0,219.0,-7157.0,80
12,1.0,68.0,-13948.0,80
12,2.0,291.0,-14096.0,80
12,0.0,219.0,-7234.0,80
12,1.0,68.0,-13852.0,80
12,2.0,289.0,-15074.0,80
13,0.0,210.0,-6718.0,70
13,1.0,59.0,-11768.0,70
13,2.0,265.0,-15358.0,70
13,3.0,112.0,-24760.0,70
13,0.0,211.0,-6671.0,70
13,1.0,60.0,-11763.0,70
13,2.0,265.0,-15266.0,70
13,3.0,110.0,-24292.0,70
13,0.0,210.0,-6765.0,70
13,1.0,59.0,-11715.0,70
13,2.0,113.0,-23819.0,70
13,0.0,211.0,-6685.0,70
13,1.0,59.0,-11613.0,70
13,2.0,112.0,-23622.0,70
13,0.0,211.0,-6594.0,70
13,1.0,60.0,-11826.0,70
13,2.0,112.0,-24033.0,70
13,0.0,211.0,-6676.0,70
13,1.0,60.0,-11956.0,70
13,2.0,271.0,-14428.0,70
13,3.0,110.0,-24362.0,70
13,0.0,211.0,-6718.0,70
13,1.0,59.0,-11722.0,70
13,2.0,110.0,-24180.0,70
13,0.0,210.0,-6604.0,70
13,1.0,59.0,-11720.0,70
13,2.0,111.0,-24058.0,70
13,0.0,211.0,-6559.0,70
13,1.0,59.0,-11716.0,70
13,2.0,269.0,-14563.0,70
13,3.0,113.0,-23865.0,70
13,0.0,210.0,-6586.0,70
13,1.0,60.0,-11806.0,70
13,2.0,277.0,-15797.0,70
13,3.0,112.0,-24001.0,70
13,0.0,211.0,-6742.0,70
13,1.0,59.0,-11732.0,70
13,2.0,274.0,-16445.0,70
13,3.0,112.0,-23650.0,70
13,0.0,211.0,-6523.0,70
13,1.0,59.0,-11695.0,70
13,2.0,263.0,-15275.0,70
13,3.0,110.0,-24153.0,70
13,0.0,210.0,-6884.0,70
13,1.0,59.0,-11634.0,70
13,2.0,258.0,-14279.0,70
13,3.0,112.0,-23773.0,70
13,0.0,211.0,-6533.0,70
13,1.0,59.0,-11564.0,70
13,2.0,272.0,-14956.0,70
13,3.0,112.0,-23634.0,70
13,0.0,210.0,-6669.0,70
13,1.0,59.0,-11841.0,70
13,2.0,111.0,-23693.0,70
13,0.0,211.0,-6624.0,70
13,1.0,59.0,-11733.0,70
13,2.0,266.0,-15147.0,70
13,3.0,111.0,-24257.0,70
13,0.0,211.0,-6763.0,70
13,1.0,59.0,-11865.0,70
13,2.0,282.0,-16849.0,70
13,3.0,112.0,-23974.0,70
13,0.0,211.0,-6655.0,70
13,1.0,59.0,-11732.0,70
13,2.0,279.0,-15306.0,70
13,3.0,111.0,-24290.0,70
13,0.0,210.0,-6803.0,70
13,1.0,59.0,-11773.0,70
13,2.0,273.0,-15313.0,70
13,3.0,112.0,-23828.0,70
13,0.0,211.0,-6545.0,70
13,1.0,59.0,-11701.0,70
13,2.0,271.0,-15673.0,70
13,3.0,111.0,-23902.0,70
13,0.0,211.0,-6623.0,70
13,1.0,60.0,-11746.0,70
13,2.0,111.0,-24249.0,70
13,0.0,212.0,-6696.0,70
13,1.0,59.0,-11669.0,70
13,2.0,111.0,-23957.0,70
13,0.0,211.0,-6665.0,70
13,1.0,59.0,-11852.0,70
13,2.0,273.0,-14696.0,70
13,3.0,111.0,-24226.0,70
13,0.0,211.0,-6672.0,70
13,1.0,59.0,-11630.0,70
13,2.0,266.0,-15506.0,70
13,3.0,113.0,-24097.0,70
13,0.0,211.0,-6682.0,70
13,1.0,60.0,-11953.0,70
13,2.0,259.0,-16059.0,70
13,3.0,111.0,-23930.0,70
13,0.0,211.0,-6721.0,70
13,1.0,60.0,-11679.0,70
13,2.0,271.0,-14868.0,70
13,3.0,112.0,-23910.0,70
13,0.0,210.0,-6632.0,70
13,1.0,60.0,-11594.0,70
13,2.0,274.0,-15530.0,70
13,3.0,111.0,-23707.0,70
