"trial", "register", "rdistance","strength", "edistance"
0,0.0,90.0,-7729.0,100
0,1.0,252.0,2318.0,100
0,0.0,90.0,-8100.0,100
0,1.0,251.0,2473.0,100
0,0.0,90.0,-7727.0,100
0,1.0,252.0,2949.0,100
0,0.0,91.0,-7831.0,100
0,1.0,252.0,3348.0,100
0,0.0,90.0,-7729.0,100
0,1.0,251.0,3263.0,100
0,0.0,90.0,-7683.0,100
0,1.0,252.0,2717.0,100
0,0.0,89.0,-7903.0,100
0,1.0,252.0,3307.0,100
0,0.0,90.0,-7788.0,100
0,1.0,251.0,3123.0,100
0,0.0,90.0,-7824.0,100
0,1.0,252.0,3634.0,100
0,0.0,90.0,-7970.0,100
0,1.0,251.0,3376.0,100
0,0.0,90.0,-7931.0,100
0,1.0,251.0,2893.0,100
0,0.0,90.0,-7666.0,100
0,1.0,251.0,2735.0,100
0,0.0,90.0,-7975.0,100
0,1.0,252.0,2474.0,100
0,0.0,90.0,-7842.0,100
0,1.0,253.0,3347.0,100
0,0.0,90.0,-7775.0,100
0,1.0,251.0,3015.0,100
0,0.0,90.0,-7727.0,100
0,1.0,251.0,3203.0,100
0,0.0,90.0,-7847.0,100
0,1.0,252.0,3032.0,100
0,0.0,90.0,-7911.0,100
0,1.0,252.0,3374.0,100
0,0.0,90.0,-7710.0,100
0,1.0,252.0,3551.0,100
0,0.0,90.0,-7939.0,100
0,1.0,252.0,3530.0,100
0,0.0,91.0,-7680.0,100
0,1.0,252.0,3028.0,100
0,0.0,90.0,-7947.0,100
0,1.0,252.0,3296.0,100
0,0.0,90.0,-8038.0,100
0,1.0,252.0,3162.0,100
0,0.0,90.0,-8037.0,100
0,1.0,252.0,3301.0,100
0,0.0,90.0,-7946.0,100
0,1.0,253.0,3303.0,100
0,0.0,90.0,-7640.0,100
0,1.0,253.0,3310.0,100
0,0.0,90.0,-7832.0,100
0,1.0,251.0,3035.0,100
0,0.0,90.0,-7858.0,100
0,1.0,251.0,2971.0,100
0,0.0,90.0,-7866.0,100
0,1.0,251.0,2963.0,100
0,0.0,90.0,-7869.0,100
0,1.0,252.0,3329.0,100
0,0.0,91.0,-7814.0,100
0,1.0,252.0,2927.0,100
0,0.0,91.0,-7698.0,100
0,1.0,252.0,3048.0,100
0,0.0,90.0,-7622.0,100
0,1.0,252.0,2771.0,100
0,0.0,90.0,-8020.0,100
0,1.0,252.0,2901.0,100
0,0.0,90.0,-7599.0,100
0,1.0,252.0,3284.0,100
0,0.0,90.0,-7501.0,100
0,1.0,252.0,3015.0,100
0,0.0,90.0,-7871.0,100
0,1.0,252.0,2854.0,100
0,0.0,90.0,-8091.0,100
0,1.0,253.0,3293.0,100
0,0.0,90.0,-7818.0,100
0,1.0,252.0,2791.0,100
0,0.0,89.0,-7961.0,100
0,1.0,251.0,3090.0,100
0,0.0,90.0,-7791.0,100
0,1.0,252.0,2910.0,100
0,0.0,90.0,-7630.0,100
0,1.0,251.0,2850.0,100
0,0.0,90.0,-7869.0,100
0,1.0,252.0,3130.0,100
0,0.0,90.0,-7977.0,100
0,1.0,251.0,3268.0,100
0,0.0,91.0,-7684.0,100
0,1.0,252.0,3342.0,100
0,0.0,90.0,-7924.0,100
0,1.0,252.0,3099.0,100
0,0.0,90.0,-8125.0,100
0,1.0,252.0,3643.0,100
0,0.0,90.0,-7925.0,100
0,1.0,252.0,3429.0,100
0,0.0,91.0,-7605.0,100
0,1.0,252.0,3009.0,100
0,0.0,90.0,-7530.0,100
0,1.0,252.0,3036.0,100
1,0.0,86.0,-7441.0,96
1,1.0,247.0,2631.0,96
1,0.0,86.0,-7396.0,96
1,1.0,248.0,2529.0,96
1,0.0,86.0,-6816.0,96
1,1.0,248.0,2269.0,96
1,0.0,89.0,-7446.0,96
1,1.0,247.0,2415.0,96
1,0.0,248.0,2718.0,96
1,0.0,88.0,-7142.0,96
1,1.0,247.0,2271.0,96
1,0.0,87.0,-7061.0,96
1,1.0,248.0,2440.0,96
1,0.0,88.0,-7062.0,96
1,1.0,247.0,2505.0,96
1,0.0,86.0,-7399.0,96
1,1.0,247.0,2428.0,96
1,0.0,87.0,-7633.0,96
1,1.0,247.0,2167.0,96
1,0.0,87.0,-7397.0,96
1,1.0,248.0,2708.0,96
1,0.0,87.0,-7705.0,96
1,1.0,248.0,2333.0,96
1,0.0,86.0,-7464.0,96
1,1.0,248.0,2417.0,96
1,0.0,87.0,-6942.0,96
1,1.0,248.0,2970.0,96
1,0.0,87.0,-7118.0,96
1,1.0,247.0,2056.0,96
1,0.0,87.0,-7327.0,96
1,1.0,248.0,2934.0,96
1,0.0,87.0,-6758.0,96
1,1.0,247.0,2535.0,96
1,0.0,87.0,-7381.0,96
1,1.0,248.0,2434.0,96
1,0.0,86.0,-7647.0,96
1,1.0,247.0,2448.0,96
1,0.0,87.0,-7293.0,96
1,1.0,248.0,2646.0,96
1,0.0,86.0,-7772.0,96
1,1.0,248.0,2407.0,96
1,0.0,88.0,-7089.0,96
1,1.0,247.0,2170.0,96
1,0.0,88.0,-6812.0,96
1,1.0,248.0,2863.0,96
1,0.0,87.0,-7068.0,96
1,1.0,248.0,2491.0,96
1,0.0,87.0,-7910.0,96
1,1.0,247.0,2136.0,96
1,0.0,248.0,2377.0,96
1,0.0,87.0,-6997.0,96
1,1.0,248.0,2942.0,96
1,0.0,87.0,-7780.0,96
1,1.0,248.0,2176.0,96
1,0.0,87.0,-7015.0,96
1,1.0,248.0,2706.0,96
1,0.0,87.0,-7280.0,96
1,1.0,247.0,2025.0,96
1,0.0,248.0,2419.0,96
1,0.0,87.0,-7583.0,96
1,1.0,248.0,2478.0,96
1,0.0,88.0,-7277.0,96
1,1.0,248.0,2511.0,96
1,0.0,88.0,-7396.0,96
1,1.0,248.0,2325.0,96
1,0.0,86.0,-7323.0,96
1,1.0,247.0,2299.0,96
1,0.0,88.0,-6859.0,96
1,1.0,247.0,1970.0,96
1,0.0,86.0,-7755.0,96
1,1.0,248.0,2259.0,96
1,0.0,86.0,-7415.0,96
1,1.0,248.0,2378.0,96
1,0.0,87.0,-7168.0,96
1,1.0,248.0,2650.0,96
1,0.0,87.0,-7702.0,96
1,1.0,248.0,2520.0,96
1,0.0,86.0,-7299.0,96
1,1.0,248.0,2499.0,96
1,0.0,88.0,-7085.0,96
1,1.0,247.0,2581.0,96
1,0.0,88.0,-6859.0,96
1,1.0,247.0,2712.0,96
1,0.0,88.0,-6675.0,96
1,1.0,247.0,2379.0,96
1,0.0,248.0,2814.0,96
1,0.0,88.0,-7248.0,96
1,1.0,249.0,2576.0,96
1,0.0,247.0,2103.0,96
1,0.0,88.0,-7284.0,96
1,1.0,248.0,2526.0,96
1,0.0,87.0,-7111.0,96
1,1.0,248.0,2717.0,96
1,0.0,248.0,2702.0,96
1,0.0,87.0,-7042.0,96
1,1.0,248.0,2148.0,96
1,0.0,88.0,-7045.0,96
1,1.0,247.0,2537.0,96
1,0.0,86.0,-7944.0,96
1,1.0,247.0,2484.0,96
2,0.0,86.0,-5162.0,92
2,1.0,248.0,3304.0,92
2,0.0,87.0,-4898.0,92
2,1.0,247.0,3318.0,92
2,0.0,86.0,-6245.0,92
2,1.0,247.0,3586.0,92
2,0.0,86.0,-4854.0,92
2,1.0,246.0,3413.0,92
2,0.0,86.0,-4835.0,92
2,1.0,247.0,3243.0,92
2,0.0,87.0,-4983.0,92
2,1.0,246.0,3568.0,92
2,0.0,86.0,-6255.0,92
2,1.0,247.0,3610.0,92
2,0.0,86.0,-6356.0,92
2,1.0,246.0,3467.0,92
2,0.0,86.0,-5135.0,92
2,1.0,245.0,3313.0,92
2,0.0,86.0,-5107.0,92
2,1.0,246.0,3046.0,92
2,0.0,87.0,-4762.0,92
2,1.0,245.0,3353.0,92
2,0.0,87.0,-4945.0,92
2,1.0,246.0,3219.0,92
2,0.0,86.0,-4799.0,92
2,1.0,246.0,3584.0,92
2,0.0,86.0,-4964.0,92
2,1.0,246.0,3355.0,92
2,0.0,87.0,-5015.0,92
2,1.0,246.0,3084.0,92
2,0.0,86.0,-4749.0,92
2,1.0,247.0,3373.0,92
2,0.0,86.0,-5008.0,92
2,1.0,248.0,3377.0,92
2,0.0,86.0,-4980.0,92
2,1.0,246.0,3442.0,92
2,0.0,86.0,-4948.0,92
2,1.0,247.0,2954.0,92
2,0.0,86.0,-4885.0,92
2,1.0,247.0,3399.0,92
2,0.0,86.0,-4897.0,92
2,1.0,246.0,3403.0,92
2,0.0,86.0,-6397.0,92
2,1.0,246.0,3366.0,92
2,0.0,86.0,-4858.0,92
2,1.0,246.0,3280.0,92
2,0.0,86.0,-5024.0,92
2,1.0,177.0,-20461.0,92
2,2.0,246.0,3431.0,92
2,0.0,86.0,-5003.0,92
2,1.0,170.0,-21984.0,92
2,2.0,247.0,3346.0,92
2,0.0,87.0,-4949.0,92
2,1.0,247.0,3339.0,92
2,0.0,86.0,-4735.0,92
2,1.0,247.0,3163.0,92
2,0.0,86.0,-4833.0,92
2,1.0,246.0,3281.0,92
2,0.0,86.0,-4946.0,92
2,1.0,246.0,3527.0,92
2,0.0,86.0,-5063.0,92
2,1.0,246.0,3521.0,92
2,0.0,86.0,-4961.0,92
2,1.0,246.0,3437.0,92
2,0.0,86.0,-6194.0,92
2,1.0,247.0,3205.0,92
2,0.0,87.0,-4970.0,92
2,1.0,247.0,3062.0,92
2,0.0,86.0,-4762.0,92
2,1.0,246.0,3297.0,92
2,0.0,86.0,-4998.0,92
2,1.0,246.0,3380.0,92
2,0.0,86.0,-4921.0,92
2,1.0,246.0,3441.0,92
2,0.0,86.0,-4946.0,92
2,1.0,247.0,2957.0,92
2,0.0,86.0,-6210.0,92
2,1.0,247.0,3165.0,92
2,0.0,86.0,-4999.0,92
2,1.0,245.0,3333.0,92
2,0.0,86.0,-6442.0,92
2,1.0,248.0,3231.0,92
2,0.0,86.0,-5002.0,92
2,1.0,248.0,2979.0,92
2,0.0,86.0,-4988.0,92
2,1.0,248.0,3303.0,92
2,0.0,86.0,-4969.0,92
2,1.0,246.0,3187.0,92
2,0.0,86.0,-4976.0,92
2,1.0,246.0,3642.0,92
2,0.0,86.0,-5073.0,92
2,1.0,247.0,2950.0,92
2,0.0,87.0,-4917.0,92
2,1.0,247.0,3349.0,92
2,0.0,86.0,-5028.0,92
2,1.0,246.0,3286.0,92
2,0.0,86.0,-4980.0,92
2,1.0,247.0,3067.0,92
2,0.0,86.0,-4812.0,92
2,1.0,245.0,3339.0,92
3,0.0,84.0,-7488.0,88
3,1.0,244.0,4153.0,88
3,0.0,84.0,-7367.0,88
3,1.0,242.0,3684.0,88
3,0.0,84.0,-7612.0,88
3,1.0,241.0,3572.0,88
3,0.0,83.0,-7427.0,88
3,1.0,242.0,3884.0,88
3,0.0,84.0,-7268.0,88
3,1.0,242.0,3842.0,88
3,0.0,84.0,-7409.0,88
3,1.0,242.0,3725.0,88
3,0.0,83.0,-7392.0,88
3,1.0,243.0,3927.0,88
3,0.0,84.0,-7322.0,88
3,1.0,243.0,3908.0,88
3,0.0,83.0,-7456.0,88
3,1.0,243.0,3745.0,88
3,0.0,83.0,-7173.0,88
3,1.0,241.0,3602.0,88
3,0.0,83.0,-7336.0,88
3,1.0,242.0,3564.0,88
3,0.0,83.0,-7701.0,88
3,1.0,243.0,3792.0,88
3,0.0,84.0,-7755.0,88
3,1.0,243.0,4152.0,88
3,0.0,84.0,-7013.0,88
3,1.0,243.0,4092.0,88
3,0.0,84.0,-7448.0,88
3,1.0,243.0,3575.0,88
3,0.0,83.0,-7652.0,88
3,1.0,242.0,3813.0,88
3,0.0,83.0,-7235.0,88
3,1.0,241.0,3575.0,88
3,0.0,84.0,-7688.0,88
3,1.0,243.0,3601.0,88
3,0.0,83.0,-7234.0,88
3,1.0,242.0,3779.0,88
3,0.0,83.0,-7137.0,88
3,1.0,241.0,3461.0,88
3,0.0,84.0,-7798.0,88
3,1.0,242.0,3651.0,88
3,0.0,83.0,-7680.0,88
3,1.0,242.0,3923.0,88
3,0.0,84.0,-7313.0,88
3,1.0,243.0,4005.0,88
3,0.0,83.0,-7283.0,88
3,1.0,243.0,3825.0,88
3,0.0,84.0,-7637.0,88
3,1.0,242.0,3734.0,88
3,0.0,84.0,-7221.0,88
3,1.0,242.0,3902.0,88
3,0.0,83.0,-7137.0,88
3,1.0,242.0,3902.0,88
3,0.0,84.0,-7300.0,88
3,1.0,242.0,3267.0,88
3,0.0,84.0,-7323.0,88
3,1.0,241.0,3675.0,88
3,0.0,84.0,-7359.0,88
3,1.0,243.0,3786.0,88
3,0.0,84.0,-7559.0,88
3,1.0,241.0,3792.0,88
3,0.0,84.0,-7515.0,88
3,1.0,242.0,3902.0,88
3,0.0,84.0,-7266.0,88
3,1.0,244.0,3645.0,88
3,0.0,84.0,-7700.0,88
3,1.0,243.0,3303.0,88
3,0.0,84.0,-7500.0,88
3,1.0,243.0,3883.0,88
3,0.0,83.0,-7363.0,88
3,1.0,242.0,3551.0,88
3,0.0,84.0,-7369.0,88
3,1.0,242.0,3696.0,88
3,0.0,84.0,-7536.0,88
3,1.0,243.0,3633.0,88
3,0.0,84.0,-7361.0,88
3,1.0,242.0,3428.0,88
3,0.0,84.0,-6868.0,88
3,1.0,242.0,3988.0,88
3,0.0,83.0,-7408.0,88
3,1.0,243.0,3784.0,88
3,0.0,84.0,-7194.0,88
3,1.0,243.0,3849.0,88
3,0.0,84.0,-7501.0,88
3,1.0,242.0,3676.0,88
3,0.0,84.0,-7381.0,88
3,1.0,243.0,4227.0,88
3,0.0,84.0,-7441.0,88
3,1.0,242.0,3658.0,88
3,0.0,84.0,-7611.0,88
3,1.0,243.0,4074.0,88
3,0.0,83.0,-7086.0,88
3,1.0,243.0,3824.0,88
3,0.0,84.0,-7401.0,88
3,1.0,243.0,4029.0,88
3,0.0,84.0,-7090.0,88
3,1.0,242.0,3705.0,88
3,0.0,84.0,-7213.0,88
3,1.0,242.0,3989.0,88
4,0.0,80.0,-11701.0,84
4,1.0,239.0,4354.0,84
4,0.0,80.0,-11347.0,84
4,1.0,239.0,4112.0,84
4,0.0,80.0,-11380.0,84
4,1.0,238.0,3767.0,84
4,0.0,79.0,-11562.0,84
4,1.0,240.0,4103.0,84
4,0.0,81.0,-11692.0,84
4,1.0,240.0,4138.0,84
4,0.0,80.0,-11064.0,84
4,1.0,239.0,4009.0,84
4,0.0,80.0,-11494.0,84
4,1.0,238.0,4351.0,84
4,0.0,80.0,-11089.0,84
4,1.0,239.0,4223.0,84
4,0.0,80.0,-12004.0,84
4,1.0,239.0,3792.0,84
4,0.0,80.0,-11375.0,84
4,1.0,239.0,4250.0,84
4,0.0,80.0,-11690.0,84
4,1.0,239.0,4163.0,84
4,0.0,81.0,-11485.0,84
4,1.0,239.0,3891.0,84
4,0.0,80.0,-11381.0,84
4,1.0,239.0,4455.0,84
4,0.0,81.0,-11713.0,84
4,1.0,239.0,4263.0,84
4,0.0,80.0,-11860.0,84
4,1.0,239.0,4349.0,84
4,0.0,81.0,-11545.0,84
4,1.0,239.0,4120.0,84
4,0.0,81.0,-11225.0,84
4,1.0,239.0,4146.0,84
4,0.0,80.0,-10946.0,84
4,1.0,239.0,3919.0,84
4,0.0,80.0,-11366.0,84
4,1.0,240.0,4357.0,84
4,0.0,78.0,-11833.0,84
4,1.0,239.0,4298.0,84
4,0.0,80.0,-11603.0,84
4,1.0,239.0,4468.0,84
4,0.0,78.0,-12411.0,84
4,1.0,239.0,4078.0,84
4,0.0,81.0,-11681.0,84
4,1.0,239.0,4461.0,84
4,0.0,81.0,-11783.0,84
4,1.0,239.0,4587.0,84
4,0.0,80.0,-11351.0,84
4,1.0,239.0,4134.0,84
4,0.0,81.0,-12404.0,84
4,1.0,239.0,3929.0,84
4,0.0,80.0,-11652.0,84
4,1.0,239.0,3996.0,84
4,0.0,80.0,-11415.0,84
4,1.0,238.0,4078.0,84
4,0.0,80.0,-11198.0,84
4,1.0,239.0,4080.0,84
4,0.0,81.0,-11897.0,84
4,1.0,239.0,4155.0,84
4,0.0,81.0,-11320.0,84
4,1.0,239.0,4201.0,84
4,0.0,79.0,-12348.0,84
4,1.0,239.0,3855.0,84
4,0.0,80.0,-11567.0,84
4,1.0,239.0,4099.0,84
4,0.0,81.0,-11171.0,84
4,1.0,239.0,4016.0,84
4,0.0,81.0,-11785.0,84
4,1.0,239.0,4054.0,84
4,0.0,80.0,-11656.0,84
4,1.0,239.0,4374.0,84
4,0.0,80.0,-11600.0,84
4,1.0,239.0,4007.0,84
4,0.0,81.0,-11543.0,84
4,1.0,238.0,4128.0,84
4,0.0,80.0,-11593.0,84
4,1.0,239.0,3839.0,84
4,0.0,79.0,-12463.0,84
4,1.0,238.0,4217.0,84
4,0.0,80.0,-11601.0,84
4,1.0,239.0,4352.0,84
4,0.0,80.0,-11573.0,84
4,1.0,239.0,4251.0,84
4,0.0,80.0,-11246.0,84
4,1.0,238.0,3973.0,84
4,0.0,80.0,-11341.0,84
4,1.0,239.0,4160.0,84
4,0.0,80.0,-11979.0,84
4,1.0,239.0,3830.0,84
4,0.0,79.0,-12235.0,84
4,1.0,240.0,4108.0,84
4,0.0,80.0,-11497.0,84
4,1.0,239.0,3929.0,84
4,0.0,80.0,-11661.0,84
4,1.0,239.0,4083.0,84
4,0.0,80.0,-11686.0,84
4,1.0,239.0,3846.0,84
4,0.0,80.0,-11971.0,84
4,1.0,239.0,3996.0,84
5,0.0,80.0,-4836.0,80
5,1.0,235.0,4138.0,80
5,0.0,80.0,-4709.0,80
5,1.0,234.0,4385.0,80
5,0.0,80.0,-4820.0,80
5,1.0,235.0,4223.0,80
5,0.0,80.0,-4821.0,80
5,1.0,235.0,4258.0,80
5,0.0,80.0,-4835.0,80
5,1.0,235.0,4278.0,80
5,0.0,80.0,-4755.0,80
5,1.0,236.0,4092.0,80
5,0.0,80.0,-4741.0,80
5,1.0,235.0,4166.0,80
5,0.0,80.0,-4745.0,80
5,1.0,236.0,4297.0,80
5,0.0,80.0,-4846.0,80
5,1.0,235.0,4399.0,80
5,0.0,80.0,-4894.0,80
5,1.0,235.0,4403.0,80
5,0.0,80.0,-4790.0,80
5,1.0,235.0,4332.0,80
5,0.0,80.0,-4824.0,80
5,1.0,234.0,4503.0,80
5,0.0,80.0,-4889.0,80
5,1.0,234.0,4271.0,80
5,0.0,80.0,-4717.0,80
5,1.0,235.0,4300.0,80
5,0.0,80.0,-4736.0,80
5,1.0,235.0,4401.0,80
5,0.0,80.0,-4735.0,80
5,1.0,235.0,4693.0,80
5,0.0,80.0,-4718.0,80
5,1.0,235.0,4512.0,80
5,0.0,80.0,-4745.0,80
5,1.0,236.0,4499.0,80
5,0.0,80.0,-4816.0,80
5,1.0,236.0,4010.0,80
5,0.0,80.0,-4800.0,80
5,1.0,235.0,4203.0,80
5,0.0,80.0,-4794.0,80
5,1.0,236.0,4311.0,80
5,0.0,80.0,-4796.0,80
5,1.0,236.0,4625.0,80
5,0.0,81.0,-4715.0,80
5,1.0,235.0,4184.0,80
5,0.0,80.0,-4711.0,80
5,1.0,235.0,4194.0,80
5,0.0,80.0,-4802.0,80
5,1.0,235.0,3906.0,80
5,0.0,80.0,-4811.0,80
5,1.0,235.0,4665.0,80
5,0.0,80.0,-4809.0,80
5,1.0,234.0,4192.0,80
5,0.0,80.0,-4760.0,80
5,1.0,236.0,3816.0,80
5,0.0,80.0,-4743.0,80
5,1.0,235.0,4172.0,80
5,0.0,80.0,-4845.0,80
5,1.0,236.0,4437.0,80
5,0.0,80.0,-4718.0,80
5,1.0,236.0,4528.0,80
5,0.0,80.0,-4812.0,80
5,1.0,236.0,4110.0,80
5,0.0,80.0,-4799.0,80
5,1.0,235.0,4293.0,80
5,0.0,80.0,-4727.0,80
5,1.0,236.0,4136.0,80
5,0.0,80.0,-4748.0,80
5,1.0,236.0,3769.0,80
5,0.0,80.0,-4684.0,80
5,1.0,151.0,-20925.0,80
5,2.0,235.0,4673.0,80
5,0.0,80.0,-4765.0,80
5,1.0,235.0,4323.0,80
5,0.0,80.0,-4648.0,80
5,1.0,235.0,4522.0,80
5,0.0,80.0,-4795.0,80
5,1.0,236.0,4245.0,80
5,0.0,80.0,-4795.0,80
5,1.0,236.0,3973.0,80
5,0.0,81.0,-4774.0,80
5,1.0,235.0,4284.0,80
5,0.0,80.0,-4741.0,80
5,1.0,238.0,4310.0,80
5,0.0,80.0,-4750.0,80
5,1.0,236.0,4189.0,80
5,0.0,80.0,-4610.0,80
5,1.0,235.0,4395.0,80
5,0.0,80.0,-4778.0,80
5,1.0,235.0,4248.0,80
5,0.0,81.0,-4771.0,80
5,1.0,236.0,4458.0,80
5,0.0,80.0,-4747.0,80
5,1.0,235.0,4614.0,80
5,0.0,80.0,-4735.0,80
5,1.0,234.0,4238.0,80
5,0.0,80.0,-4836.0,80
5,1.0,235.0,3955.0,80
5,0.0,80.0,-4722.0,80
6,1.0,236.0,4002.0,76
6,0.0,76.0,-7592.0,76
6,1.0,231.0,4438.0,76
6,0.0,77.0,-7117.0,76
6,1.0,231.0,4315.0,76
6,0.0,76.0,-7501.0,76
6,1.0,232.0,4741.0,76
6,0.0,76.0,-7409.0,76
6,1.0,232.0,4331.0,76
6,0.0,76.0,-7783.0,76
6,1.0,232.0,4109.0,76
6,0.0,76.0,-7635.0,76
6,1.0,232.0,3782.0,76
6,0.0,76.0,-7478.0,76
6,1.0,232.0,4136.0,76
6,0.0,76.0,-7486.0,76
6,1.0,231.0,4325.0,76
6,0.0,77.0,-7386.0,76
6,1.0,232.0,4681.0,76
6,0.0,76.0,-7644.0,76
6,1.0,231.0,4072.0,76
6,0.0,76.0,-7611.0,76
6,1.0,232.0,4420.0,76
6,0.0,76.0,-7306.0,76
6,1.0,231.0,4221.0,76
6,0.0,76.0,-7547.0,76
6,1.0,232.0,4426.0,76
6,0.0,76.0,-7416.0,76
6,1.0,233.0,4329.0,76
6,0.0,77.0,-7413.0,76
6,1.0,139.0,-23980.0,76
6,2.0,232.0,4142.0,76
6,0.0,76.0,-7404.0,76
6,1.0,231.0,4214.0,76
6,0.0,76.0,-7495.0,76
6,1.0,231.0,4602.0,76
6,0.0,76.0,-7474.0,76
6,1.0,231.0,4143.0,76
6,0.0,76.0,-7447.0,76
6,1.0,231.0,4262.0,76
6,0.0,76.0,-7528.0,76
6,1.0,231.0,4513.0,76
6,0.0,76.0,-7665.0,76
6,1.0,232.0,4407.0,76
6,0.0,77.0,-7712.0,76
6,1.0,232.0,4259.0,76
6,0.0,76.0,-7237.0,76
6,1.0,231.0,4164.0,76
6,0.0,77.0,-7322.0,76
6,1.0,231.0,4466.0,76
6,0.0,77.0,-7324.0,76
6,1.0,232.0,4250.0,76
6,0.0,77.0,-7380.0,76
6,1.0,231.0,4354.0,76
6,0.0,77.0,-7442.0,76
6,1.0,232.0,4322.0,76
6,0.0,76.0,-7251.0,76
6,1.0,232.0,4004.0,76
6,0.0,76.0,-7403.0,76
6,1.0,231.0,3991.0,76
6,0.0,76.0,-7519.0,76
6,1.0,232.0,4296.0,76
6,0.0,77.0,-7530.0,76
6,1.0,232.0,4250.0,76
6,0.0,76.0,-7592.0,76
6,1.0,231.0,4283.0,76
6,0.0,76.0,-7550.0,76
6,1.0,232.0,4067.0,76
6,0.0,76.0,-7450.0,76
6,1.0,231.0,4254.0,76
6,0.0,76.0,-7584.0,76
6,1.0,232.0,4399.0,76
6,0.0,76.0,-7568.0,76
6,1.0,231.0,4251.0,76
6,0.0,76.0,-7495.0,76
6,1.0,232.0,4452.0,76
6,0.0,77.0,-7515.0,76
6,1.0,232.0,4440.0,76
6,0.0,77.0,-7450.0,76
6,1.0,232.0,4449.0,76
6,0.0,76.0,-7297.0,76
6,1.0,231.0,4509.0,76
6,0.0,76.0,-7699.0,76
6,1.0,232.0,3818.0,76
6,0.0,76.0,-7573.0,76
6,1.0,232.0,4188.0,76
6,0.0,76.0,-7473.0,76
6,1.0,232.0,4728.0,76
6,0.0,76.0,-7706.0,76
6,1.0,231.0,3952.0,76
6,0.0,76.0,-7650.0,76
6,1.0,231.0,4090.0,76
6,0.0,76.0,-7230.0,76
6,1.0,232.0,4039.0,76
6,0.0,76.0,-7522.0,76
6,1.0,231.0,4267.0,76
6,0.0,77.0,-7840.0,76
6,1.0,231.0,4083.0,76
6,0.0,77.0,-7445.0,76
6,1.0,232.0,4184.0,76
7,0.0,75.0,-8592.0,72
7,1.0,227.0,4173.0,72
7,0.0,73.0,-8150.0,72
7,1.0,226.0,3960.0,72
7,0.0,74.0,-8391.0,72
7,1.0,227.0,4376.0,72
7,0.0,73.0,-8426.0,72
7,1.0,227.0,4658.0,72
7,0.0,74.0,-8964.0,72
7,1.0,227.0,4319.0,72
7,0.0,74.0,-8664.0,72
7,1.0,227.0,4361.0,72
7,0.0,74.0,-8516.0,72
7,1.0,227.0,4155.0,72
7,0.0,73.0,-8643.0,72
7,1.0,226.0,4394.0,72
7,0.0,73.0,-8327.0,72
7,1.0,226.0,3964.0,72
7,0.0,73.0,-8533.0,72
7,1.0,227.0,4023.0,72
7,0.0,73.0,-8737.0,72
7,1.0,227.0,4334.0,72
7,0.0,74.0,-8686.0,72
7,1.0,228.0,4569.0,72
7,0.0,73.0,-8330.0,72
7,1.0,227.0,4162.0,72
7,0.0,74.0,-8693.0,72
7,1.0,227.0,4455.0,72
7,0.0,74.0,-8550.0,72
7,1.0,227.0,4140.0,72
7,0.0,74.0,-8577.0,72
7,1.0,227.0,4391.0,72
7,0.0,74.0,-8604.0,72
7,1.0,227.0,4209.0,72
7,0.0,74.0,-8423.0,72
7,1.0,227.0,4268.0,72
7,0.0,74.0,-8767.0,72
7,1.0,226.0,4094.0,72
7,0.0,74.0,-8605.0,72
7,1.0,227.0,4541.0,72
7,0.0,74.0,-8730.0,72
7,1.0,227.0,4591.0,72
7,0.0,73.0,-8541.0,72
7,1.0,226.0,4040.0,72
7,0.0,74.0,-8504.0,72
7,1.0,226.0,4289.0,72
7,0.0,75.0,-8279.0,72
7,1.0,226.0,4109.0,72
7,0.0,73.0,-8799.0,72
7,1.0,226.0,4249.0,72
7,0.0,74.0,-8654.0,72
7,1.0,226.0,4238.0,72
7,0.0,73.0,-8719.0,72
7,1.0,226.0,4296.0,72
7,0.0,73.0,-8599.0,72
7,1.0,227.0,4309.0,72
7,0.0,74.0,-8872.0,72
7,1.0,227.0,4329.0,72
7,0.0,74.0,-8732.0,72
7,1.0,226.0,4480.0,72
7,0.0,73.0,-8453.0,72
7,1.0,227.0,4308.0,72
7,0.0,74.0,-8512.0,72
7,1.0,226.0,3894.0,72
7,0.0,73.0,-8613.0,72
7,1.0,227.0,4555.0,72
7,0.0,73.0,-8681.0,72
7,1.0,227.0,4395.0,72
7,0.0,72.0,-8795.0,72
7,1.0,226.0,4264.0,72
7,0.0,73.0,-8890.0,72
7,1.0,227.0,4084.0,72
7,0.0,74.0,-8723.0,72
7,1.0,226.0,4109.0,72
7,0.0,73.0,-8724.0,72
7,1.0,227.0,4587.0,72
7,0.0,73.0,-8619.0,72
7,1.0,228.0,4206.0,72
7,0.0,74.0,-8661.0,72
7,1.0,227.0,4384.0,72
7,0.0,74.0,-8704.0,72
7,1.0,227.0,4558.0,72
7,0.0,73.0,-8813.0,72
7,1.0,227.0,3997.0,72
7,0.0,75.0,-8264.0,72
7,1.0,226.0,4225.0,72
7,0.0,74.0,-8255.0,72
7,1.0,227.0,4072.0,72
7,0.0,74.0,-8391.0,72
7,1.0,226.0,4104.0,72
7,0.0,73.0,-8410.0,72
7,1.0,227.0,4248.0,72
7,0.0,73.0,-8484.0,72
7,1.0,228.0,4325.0,72
7,0.0,73.0,-8730.0,72
7,1.0,227.0,4390.0,72
7,0.0,74.0,-8667.0,72
7,1.0,226.0,4281.0,72
7,0.0,73.0,-8736.0,72
7,1.0,227.0,4337.0,72
