trial,register,rdistance,strength,edistance
0,0.0,157.0,-3037.0,70
0,10.0,71.0,-16310.0,70
0,11.0,200.0,-17310.0,70
0,0.0,157.0,-3032.0,70
0,10.0,71.0,-16372.0,70
0,11.0,199.0,-17251.0,70
0,0.0,157.0,-3043.0,70
0,10.0,71.0,-16433.0,70
0,11.0,199.0,-17116.0,70
0,0.0,157.0,-3085.0,70
0,10.0,71.0,-16333.0,70
0,11.0,199.0,-17309.0,70
0,0.0,157.0,-3233.0,70
0,10.0,70.0,-16426.0,70
0,11.0,198.0,-17539.0,70
0,0.0,157.0,-3106.0,70
0,10.0,70.0,-16451.0,70
0,11.0,199.0,-17126.0,70
0,0.0,157.0,-3008.0,70
0,10.0,71.0,-16530.0,70
0,11.0,198.0,-17487.0,70
0,0.0,157.0,-3070.0,70
0,10.0,71.0,-16410.0,70
0,11.0,199.0,-17170.0,70
0,0.0,157.0,-3040.0,70
0,10.0,71.0,-16485.0,70
0,11.0,199.0,-17190.0,70
0,0.0,157.0,-3123.0,70
0,10.0,71.0,-16368.0,70
0,11.0,199.0,-17129.0,70
0,0.0,157.0,-3162.0,70
0,10.0,71.0,-16435.0,70
0,11.0,198.0,-17335.0,70
0,0.0,157.0,-3082.0,70
0,10.0,71.0,-16328.0,70
0,11.0,191.0,-19030.0,70
0,0.0,157.0,-2900.0,70
0,10.0,71.0,-16281.0,70
0,11.0,199.0,-17076.0,70
0,0.0,157.0,-3089.0,70
0,10.0,71.0,-16398.0,70
0,11.0,191.0,-18824.0,70
0,0.0,157.0,-3087.0,70
0,10.0,71.0,-16359.0,70
0,11.0,199.0,-16981.0,70
0,0.0,157.0,-3113.0,70
0,10.0,71.0,-16285.0,70
0,11.0,199.0,-16925.0,70
0,0.0,157.0,-3120.0,70
0,10.0,70.0,-16618.0,70
0,11.0,199.0,-17441.0,70
0,0.0,157.0,-3198.0,70
0,10.0,71.0,-16296.0,70
0,11.0,199.0,-17046.0,70
0,0.0,157.0,-3035.0,70
0,10.0,71.0,-16170.0,70
0,11.0,199.0,-16840.0,70
0,0.0,157.0,-3007.0,70
0,10.0,71.0,-16475.0,70
0,11.0,199.0,-17326.0,70
0,0.0,157.0,-3155.0,70
0,10.0,71.0,-16291.0,70
0,11.0,199.0,-17091.0,70
0,0.0,157.0,-3232.0,70
0,10.0,70.0,-16429.0,70
0,11.0,199.0,-17231.0,70
0,0.0,157.0,-2913.0,70
0,10.0,70.0,-16473.0,70
0,11.0,199.0,-17159.0,70
0,0.0,157.0,-2886.0,70
0,10.0,70.0,-16336.0,70
0,11.0,199.0,-17165.0,70
0,0.0,157.0,-2993.0,70
0,10.0,70.0,-16428.0,70
0,11.0,199.0,-17077.0,70
0,0.0,157.0,-2932.0,70
0,10.0,70.0,-16361.0,70
0,11.0,200.0,-16926.0,70
0,0.0,157.0,-3034.0,70
0,10.0,70.0,-16338.0,70
0,11.0,190.0,-18856.0,70
0,0.0,157.0,-3075.0,70
0,10.0,71.0,-16438.0,70
0,11.0,199.0,-16936.0,70
0,0.0,157.0,-3379.0,70
0,10.0,70.0,-16468.0,70
0,11.0,199.0,-17378.0,70
0,0.0,157.0,-3114.0,70
0,10.0,71.0,-16372.0,70
0,11.0,199.0,-16825.0,70
0,0.0,157.0,-3178.0,70
0,10.0,71.0,-16310.0,70
0,11.0,191.0,-19031.0,70
0,0.0,157.0,-3095.0,70
0,10.0,70.0,-16424.0,70
0,11.0,199.0,-16969.0,70
0,0.0,157.0,-3100.0,70
0,10.0,70.0,-16316.0,70
0,11.0,199.0,-17181.0,70
0,0.0,157.0,-2984.0,70
0,10.0,70.0,-16383.0,70
0,11.0,199.0,-17158.0,70
0,0.0,157.0,-3180.0,70
0,10.0,71.0,-16397.0,70
0,11.0,198.0,-17006.0,70
0,0.0,157.0,-3016.0,70
0,10.0,71.0,-16436.0,70
0,11.0,199.0,-17096.0,70
0,0.0,157.0,-3064.0,70
0,10.0,71.0,-16495.0,70
0,11.0,199.0,-17125.0,70
0,0.0,157.0,-3014.0,70
0,10.0,70.0,-16291.0,70
0,11.0,199.0,-17024.0,70
0,0.0,157.0,-3135.0,70
0,10.0,71.0,-16467.0,70
0,11.0,198.0,-17105.0,70
0,0.0,157.0,-3175.0,70
0,10.0,70.0,-16309.0,70
0,11.0,199.0,-17072.0,70
0,0.0,157.0,-3181.0,70
0,10.0,71.0,-16251.0,70
0,11.0,199.0,-17015.0,70
0,0.0,157.0,-3178.0,70
0,10.0,71.0,-16458.0,70
0,11.0,199.0,-17211.0,70
0,0.0,157.0,-3138.0,70
0,10.0,71.0,-16360.0,70
0,11.0,199.0,-17110.0,70
0,0.0,157.0,-3078.0,70
0,10.0,71.0,-16323.0,70
0,11.0,191.0,-18782.0,70
0,0.0,157.0,-3032.0,70
0,10.0,71.0,-16247.0,70
0,11.0,199.0,-17158.0,70
0,0.0,157.0,-3216.0,70
0,10.0,70.0,-16282.0,70
0,11.0,200.0,-17165.0,70
0,0.0,157.0,-3035.0,70
0,10.0,71.0,-16421.0,70
0,11.0,191.0,-18801.0,70
0,0.0,157.0,-3027.0,70
0,10.0,70.0,-16327.0,70
0,11.0,199.0,-17033.0,70
0,0.0,157.0,-3167.0,70
0,10.0,70.0,-16390.0,70
0,11.0,199.0,-17536.0,70
0,0.0,157.0,-3029.0,70
0,10.0,71.0,-16425.0,70
0,11.0,199.0,-17186.0,70
0,0.0,157.0,-3202.0,70
0,10.0,70.0,-16265.0,70
0,11.0,198.0,-17118.0,70
0,0.0,157.0,-3106.0,70
0,10.0,71.0,-16270.0,70
0,11.0,199.0,-16981.0,70
0,0.0,157.0,-3069.0,70
0,10.0,70.0,-16515.0,70
0,11.0,200.0,-17105.0,70
0,0.0,157.0,-2936.0,70
0,10.0,70.0,-16458.0,70
0,11.0,200.0,-17151.0,70
0,0.0,157.0,-3131.0,70
0,10.0,71.0,-16533.0,70
0,11.0,199.0,-17337.0,70
0,0.0,157.0,-3018.0,70
0,10.0,70.0,-16383.0,70
0,11.0,199.0,-17282.0,70
0,0.0,157.0,-3171.0,70
0,10.0,70.0,-16517.0,70
0,11.0,191.0,-18948.0,70
0,0.0,157.0,-2996.0,70
0,10.0,71.0,-16372.0,70
0,11.0,199.0,-17238.0,70
0,0.0,157.0,-3094.0,70
0,10.0,71.0,-16433.0,70
0,11.0,190.0,-19062.0,70
0,0.0,157.0,-3052.0,70
0,10.0,71.0,-16385.0,70
0,11.0,199.0,-17189.0,70
0,0.0,157.0,-3092.0,70
0,10.0,70.0,-16414.0,70
0,11.0,199.0,-17155.0,70
0,0.0,157.0,-3133.0,70
0,10.0,71.0,-16550.0,70
0,11.0,199.0,-17352.0,70
0,0.0,157.0,-3029.0,70
0,10.0,71.0,-16505.0,70
0,11.0,199.0,-17134.0,70
0,0.0,157.0,-3092.0,70
0,10.0,71.0,-16420.0,70
0,11.0,200.0,-17254.0,70
0,0.0,157.0,-3101.0,70
0,10.0,70.0,-16458.0,70
0,11.0,199.0,-17277.0,70
0,0.0,157.0,-2899.0,70
0,10.0,71.0,-16420.0,70
0,11.0,199.0,-17334.0,70
0,0.0,157.0,-3006.0,70
0,10.0,71.0,-16396.0,70
1,0.0,156.0,-2357.0,68
1,10.0,200.0,-17941.0,68
1,0.0,157.0,-2321.0,68
1,1.0,247.0,-20707.0,68
1,10.0,199.0,-17941.0,68
1,11.0,139.0,-27851.0,68
1,0.0,156.0,-2366.0,68
1,1.0,251.0,-19984.0,68
1,10.0,200.0,-17859.0,68
1,0.0,156.0,-2265.0,68
1,10.0,199.0,-18009.0,68
1,0.0,157.0,-2114.0,68
1,10.0,199.0,-17591.0,68
1,0.0,156.0,-2299.0,68
1,1.0,246.0,-20896.0,68
1,10.0,199.0,-18562.0,68
1,0.0,156.0,-2323.0,68
1,1.0,246.0,-19620.0,68
1,10.0,199.0,-17614.0,68
1,0.0,156.0,-2257.0,68
1,1.0,248.0,-18834.0,68
1,10.0,200.0,-18129.0,68
1,0.0,156.0,-2256.0,68
1,1.0,246.0,-21530.0,68
1,10.0,200.0,-17990.0,68
1,0.0,156.0,-2314.0,68
1,1.0,247.0,-19436.0,68
1,10.0,200.0,-17821.0,68
1,0.0,156.0,-2135.0,68
1,10.0,200.0,-17792.0,68
1,0.0,156.0,-2196.0,68
1,1.0,245.0,-19024.0,68
1,10.0,199.0,-18310.0,68
1,0.0,156.0,-2228.0,68
1,10.0,200.0,-18383.0,68
1,0.0,156.0,-2093.0,68
1,1.0,247.0,-21133.0,68
1,10.0,199.0,-18010.0,68
1,0.0,156.0,-2422.0,68
1,1.0,249.0,-18325.0,68
1,10.0,199.0,-18020.0,68
1,0.0,156.0,-2313.0,68
1,10.0,200.0,-17911.0,68
1,0.0,156.0,-2291.0,68
1,10.0,199.0,-17763.0,68
1,0.0,157.0,-2263.0,68
1,1.0,247.0,-20376.0,68
1,10.0,188.0,-19678.0,68
1,0.0,156.0,-2211.0,68
1,10.0,200.0,-18168.0,68
1,0.0,156.0,-2166.0,68
1,1.0,252.0,-20430.0,68
1,10.0,199.0,-18052.0,68
1,0.0,157.0,-2350.0,68
1,10.0,199.0,-17770.0,68
1,0.0,156.0,-2242.0,68
1,10.0,199.0,-18078.0,68
1,0.0,157.0,-2298.0,68
1,10.0,200.0,-18026.0,68
1,0.0,156.0,-2183.0,68
1,10.0,187.0,-19925.0,68
1,0.0,157.0,-2257.0,68
1,10.0,199.0,-18085.0,68
1,0.0,156.0,-2229.0,68
1,10.0,200.0,-17913.0,68
1,0.0,157.0,-2238.0,68
1,10.0,199.0,-17988.0,68
1,0.0,156.0,-2349.0,68
1,1.0,247.0,-20691.0,68
1,10.0,199.0,-18062.0,68
1,0.0,156.0,-2223.0,68
1,10.0,199.0,-17855.0,68
1,11.0,139.0,-27569.0,68
1,0.0,156.0,-2256.0,68
1,1.0,250.0,-18905.0,68
1,10.0,199.0,-18097.0,68
1,0.0,156.0,-2307.0,68
1,10.0,199.0,-17949.0,68
1,0.0,156.0,-2423.0,68
1,10.0,199.0,-18014.0,68
1,0.0,157.0,-2317.0,68
1,10.0,200.0,-17919.0,68
1,0.0,157.0,-2131.0,68
1,1.0,250.0,-19455.0,68
1,10.0,199.0,-17968.0,68
1,0.0,157.0,-2140.0,68
1,1.0,247.0,-19984.0,68
1,10.0,199.0,-18048.0,68
1,0.0,156.0,-2187.0,68
1,10.0,199.0,-18438.0,68
1,0.0,156.0,-2286.0,68
1,1.0,247.0,-21192.0,68
1,10.0,200.0,-17928.0,68
1,0.0,157.0,-2254.0,68
1,1.0,215.0,-22830.0,68
1,10.0,199.0,-17760.0,68
1,0.0,158.0,-2204.0,68
1,10.0,199.0,-17865.0,68
1,0.0,156.0,-2366.0,68
1,1.0,211.0,-20352.0,68
1,10.0,199.0,-17979.0,68
1,11.0,138.0,-27171.0,68
1,0.0,156.0,-2040.0,68
1,1.0,252.0,-20595.0,68
1,10.0,200.0,-17998.0,68
1,11.0,138.0,-26777.0,68
1,0.0,157.0,-1948.0,68
1,1.0,249.0,-18477.0,68
1,10.0,200.0,-18288.0,68
1,11.0,138.0,-26879.0,68
1,0.0,157.0,-2076.0,68
1,1.0,251.0,-19328.0,68
1,10.0,199.0,-17653.0,68
1,0.0,157.0,-2160.0,68
1,1.0,251.0,-19864.0,68
1,10.0,200.0,-18106.0,68
1,0.0,158.0,-1980.0,68
1,10.0,200.0,-18158.0,68
1,11.0,139.0,-27057.0,68
1,0.0,157.0,-1886.0,68
1,10.0,199.0,-17731.0,68
1,0.0,157.0,-2262.0,68
1,10.0,199.0,-17846.0,68
1,11.0,138.0,-26670.0,68
1,0.0,157.0,-2178.0,68
1,10.0,200.0,-18010.0,68
1,0.0,157.0,-2053.0,68
1,10.0,199.0,-17882.0,68
1,0.0,157.0,-2057.0,68
1,10.0,199.0,-18078.0,68
1,11.0,137.0,-26865.0,68
1,0.0,157.0,-2224.0,68
1,10.0,199.0,-18244.0,68
1,11.0,138.0,-27036.0,68
1,0.0,157.0,-2048.0,68
1,10.0,199.0,-17898.0,68
1,11.0,135.0,-27389.0,68
1,0.0,157.0,-2003.0,68
1,10.0,199.0,-17915.0,68
1,11.0,138.0,-26974.0,68
1,0.0,157.0,-2157.0,68
1,1.0,252.0,-19783.0,68
1,10.0,199.0,-18262.0,68
1,11.0,135.0,-27374.0,68
1,0.0,158.0,-2172.0,68
1,10.0,200.0,-18201.0,68
1,11.0,137.0,-27024.0,68
1,0.0,158.0,-2024.0,68
1,10.0,199.0,-17814.0,68
1,11.0,138.0,-26748.0,68
1,0.0,157.0,-2080.0,68
1,10.0,199.0,-17965.0,68
1,11.0,137.0,-26904.0,68
1,0.0,158.0,-2149.0,68
1,10.0,200.0,-17838.0,68
1,11.0,136.0,-26596.0,68
1,0.0,158.0,-2128.0,68
1,10.0,199.0,-18032.0,68
1,11.0,137.0,-27070.0,68
1,0.0,157.0,-2236.0,68
1,10.0,199.0,-18097.0,68
1,11.0,136.0,-26805.0,68
1,0.0,157.0,-2078.0,68
1,10.0,199.0,-18037.0,68
1,11.0,135.0,-27198.0,68
1,0.0,158.0,-1933.0,68
1,10.0,199.0,-17982.0,68
1,11.0,135.0,-27264.0,68
1,0.0,157.0,-2051.0,68
1,10.0,200.0,-18222.0,68
1,11.0,136.0,-26807.0,68
1,0.0,158.0,-2110.0,68
1,10.0,200.0,-17574.0,68
1,11.0,138.0,-26820.0,68
1,0.0,156.0,-2125.0,68
1,1.0,246.0,-21394.0,68
1,10.0,199.0,-18063.0,68
1,11.0,139.0,-27372.0,68
1,0.0,157.0,-2190.0,68
1,10.0,200.0,-18008.0,68
1,11.0,139.0,-27341.0,68
1,0.0,157.0,-2211.0,68
1,10.0,200.0,-17933.0,68
1,11.0,140.0,-27228.0,68
1,0.0,157.0,-2211.0,68
1,10.0,188.0,-19945.0,68
1,0.0,156.0,-2039.0,68
1,1.0,248.0,-20096.0,68
1,10.0,199.0,-17859.0,68
1,0.0,156.0,-2214.0,68
1,10.0,188.0,-19685.0,68
1,0.0,157.0,-2224.0,68
1,10.0,200.0,-17965.0,68
1,11.0,138.0,-27338.0,68
1,0.0,157.0,-2234.0,68
1,1.0,249.0,-21277.0,68
1,10.0,199.0,-18106.0,68
1,0.0,156.0,-2151.0,68
1,1.0,251.0,-20168.0,68
1,10.0,199.0,-17902.0,68
2,0.0,148.0,-8661.0,66
2,1.0,230.0,-19220.0,66
2,10.0,217.0,-16559.0,66
2,11.0,154.0,-23085.0,66
2,0.0,156.0,-272.0,66
2,10.0,198.0,-18998.0,66
2,0.0,148.0,-8827.0,66
2,1.0,218.0,-22462.0,66
2,10.0,205.0,-17243.0,66
2,11.0,132.0,-24494.0,66
2,0.0,152.0,-3992.0,66
2,1.0,88.0,-21747.0,66
2,2.0,229.0,-22450.0,66
2,10.0,205.0,-16895.0,66
2,0.0,151.0,-4324.0,66
2,1.0,242.0,-19546.0,66
2,2.0,89.0,-22217.0,66
2,10.0,204.0,-16904.0,66
2,0.0,151.0,-4499.0,66
2,1.0,89.0,-22348.0,66
2,2.0,221.0,-23320.0,66
2,10.0,204.0,-16779.0,66
2,0.0,151.0,-4476.0,66
2,1.0,90.0,-22237.0,66
2,2.0,224.0,-23862.0,66
2,10.0,205.0,-16823.0,66
2,0.0,151.0,-4409.0,66
2,1.0,89.0,-22025.0,66
2,2.0,219.0,-24827.0,66
2,10.0,206.0,-16965.0,66
2,0.0,151.0,-4509.0,66
2,1.0,230.0,-21469.0,66
2,2.0,90.0,-22474.0,66
2,10.0,205.0,-16684.0,66
2,0.0,152.0,-4444.0,66
2,1.0,230.0,-22595.0,66
2,2.0,89.0,-22685.0,66
2,10.0,205.0,-17053.0,66
2,0.0,151.0,-4534.0,66
2,1.0,225.0,-22241.0,66
2,2.0,89.0,-22312.0,66
2,10.0,205.0,-17004.0,66
2,0.0,151.0,-4761.0,66
2,1.0,90.0,-22845.0,66
2,2.0,223.0,-23190.0,66
2,10.0,205.0,-16979.0,66
2,0.0,152.0,-4642.0,66
2,1.0,225.0,-19714.0,66
2,2.0,89.0,-22533.0,66
2,10.0,205.0,-16877.0,66
2,0.0,151.0,-4551.0,66
2,1.0,89.0,-22387.0,66
2,2.0,225.0,-22609.0,66
2,10.0,215.0,-16984.0,66
2,0.0,151.0,-4382.0,66
2,1.0,225.0,-21900.0,66
2,2.0,90.0,-22169.0,66
2,10.0,205.0,-16604.0,66
2,0.0,152.0,-4625.0,66
2,1.0,89.0,-22508.0,66
2,2.0,222.0,-24232.0,66
2,10.0,205.0,-16781.0,66
2,0.0,152.0,-4446.0,66
2,1.0,223.0,-19915.0,66
2,2.0,90.0,-22208.0,66
2,10.0,205.0,-16623.0,66
2,0.0,151.0,-4460.0,66
2,1.0,233.0,-21453.0,66
2,2.0,89.0,-21996.0,66
2,10.0,205.0,-16781.0,66
2,0.0,151.0,-4456.0,66
2,1.0,90.0,-22774.0,66
2,2.0,228.0,-23540.0,66
2,10.0,216.0,-17511.0,66
2,0.0,151.0,-4421.0,66
2,1.0,90.0,-22165.0,66
2,2.0,226.0,-22355.0,66
2,10.0,205.0,-16567.0,66
2,0.0,151.0,-4469.0,66
2,1.0,89.0,-22515.0,66
2,2.0,222.0,-22963.0,66
2,10.0,205.0,-16703.0,66
2,0.0,152.0,-4499.0,66
2,1.0,89.0,-22256.0,66
2,2.0,230.0,-22871.0,66
2,10.0,205.0,-16775.0,66
2,0.0,152.0,-4387.0,66
2,1.0,90.0,-22505.0,66
2,2.0,222.0,-22935.0,66
2,10.0,205.0,-17263.0,66
2,0.0,151.0,-4672.0,66
2,1.0,89.0,-23087.0,66
2,2.0,221.0,-23707.0,66
2,10.0,205.0,-16786.0,66
2,0.0,151.0,-4487.0,66
2,1.0,232.0,-22445.0,66
2,2.0,89.0,-22557.0,66
2,10.0,205.0,-16823.0,66
2,0.0,151.0,-4453.0,66
2,1.0,230.0,-21992.0,66
2,2.0,89.0,-22158.0,66
2,10.0,216.0,-17630.0,66
2,0.0,151.0,-4596.0,66
2,1.0,226.0,-21854.0,66
2,2.0,89.0,-22760.0,66
2,10.0,205.0,-17141.0,66
2,0.0,151.0,-4461.0,66
2,1.0,88.0,-22396.0,66
2,2.0,221.0,-22674.0,66
2,10.0,205.0,-17218.0,66
2,0.0,152.0,-4512.0,66
2,1.0,89.0,-22413.0,66
2,10.0,205.0,-16831.0,66
2,0.0,151.0,-4420.0,66
2,1.0,88.0,-21935.0,66
2,2.0,227.0,-22943.0,66
2,10.0,205.0,-16696.0,66
2,0.0,152.0,-4412.0,66
2,1.0,90.0,-22049.0,66
2,2.0,233.0,-22285.0,66
2,10.0,216.0,-17504.0,66
2,0.0,152.0,-4669.0,66
2,1.0,230.0,-22159.0,66
2,2.0,90.0,-23273.0,66
2,10.0,205.0,-16799.0,66
2,0.0,151.0,-4621.0,66
2,1.0,230.0,-22101.0,66
2,2.0,89.0,-22577.0,66
2,10.0,205.0,-16757.0,66
2,0.0,151.0,-4420.0,66
2,1.0,233.0,-21960.0,66
2,2.0,89.0,-22160.0,66
2,10.0,205.0,-17085.0,66
2,0.0,151.0,-4545.0,66
2,1.0,89.0,-21917.0,66
2,2.0,227.0,-23164.0,66
2,10.0,205.0,-16703.0,66
2,0.0,151.0,-4456.0,66
2,1.0,225.0,-22015.0,66
2,2.0,89.0,-22157.0,66
2,10.0,205.0,-16350.0,66
2,0.0,151.0,-4561.0,66
2,1.0,224.0,-23056.0,66
2,2.0,90.0,-23133.0,66
2,10.0,205.0,-16749.0,66
2,0.0,151.0,-4507.0,66
2,1.0,227.0,-21823.0,66
2,2.0,90.0,-22494.0,66
2,10.0,205.0,-16954.0,66
2,0.0,153.0,-5146.0,66
2,1.0,236.0,-17664.0,66
2,2.0,89.0,-22186.0,66
2,10.0,205.0,-16814.0,66
2,0.0,152.0,-4685.0,66
2,1.0,89.0,-22038.0,66
2,2.0,221.0,-23632.0,66
2,10.0,205.0,-17013.0,66
2,0.0,154.0,-2657.0,66
2,1.0,230.0,-20389.0,66
2,2.0,91.0,-22204.0,66
2,10.0,204.0,-16456.0,66
2,0.0,154.0,-521.0,66
2,1.0,225.0,-18535.0,66
2,10.0,217.0,-17126.0,66
2,0.0,156.0,85.0,66
2,1.0,223.0,-19338.0,66
2,10.0,198.0,-19260.0,66
2,0.0,156.0,-69.0,66
2,1.0,230.0,-17229.0,66
2,10.0,198.0,-19014.0,66
2,0.0,155.0,0.0,66
2,1.0,234.0,-19022.0,66
2,10.0,198.0,-18953.0,66
2,0.0,155.0,-117.0,66
2,1.0,224.0,-19264.0,66
2,10.0,198.0,-19271.0,66
2,0.0,155.0,-37.0,66
2,1.0,230.0,-18887.0,66
2,10.0,198.0,-18975.0,66
2,0.0,155.0,12.0,66
2,1.0,224.0,-22379.0,66
2,10.0,198.0,-18984.0,66
2,0.0,155.0,-11.0,66
2,1.0,231.0,-22652.0,66
2,10.0,208.0,-18504.0,66
2,0.0,155.0,82.0,66
2,1.0,231.0,-21199.0,66
2,10.0,198.0,-18929.0,66
2,0.0,155.0,-10.0,66
2,1.0,213.0,-18479.0,66
2,10.0,198.0,-18698.0,66
2,0.0,153.0,-3496.0,66
2,1.0,217.0,-21873.0,66
2,10.0,205.0,-16692.0,66
2,0.0,152.0,-3536.0,66
2,1.0,88.0,-21528.0,66
2,2.0,226.0,-24867.0,66
2,10.0,205.0,-16780.0,66
2,0.0,152.0,-3430.0,66
2,1.0,89.0,-21509.0,66
3,0.0,82.0,-14592.0,64
3,1.0,158.0,-16940.0,64
3,2.0,235.0,-18269.0,64
3,10.0,205.0,-18570.0,64
3,11.0,119.0,-22762.0,64
3,0.0,86.0,-15365.0,64
3,1.0,159.0,-17335.0,64
3,2.0,230.0,-17629.0,64
3,10.0,205.0,-18595.0,64
3,11.0,121.0,-22445.0,64
3,0.0,86.0,-15402.0,64
3,1.0,159.0,-17594.0,64
3,2.0,232.0,-17913.0,64
3,10.0,204.0,-18716.0,64
3,11.0,121.0,-22362.0,64
3,0.0,86.0,-15270.0,64
3,1.0,160.0,-17448.0,64
3,2.0,232.0,-17648.0,64
3,10.0,204.0,-18552.0,64
3,11.0,121.0,-22526.0,64
3,0.0,86.0,-15167.0,64
3,1.0,230.0,-17006.0,64
3,2.0,159.0,-17358.0,64
3,10.0,205.0,-18849.0,64
3,11.0,120.0,-22536.0,64
3,0.0,86.0,-15176.0,64
3,1.0,232.0,-16936.0,64
3,2.0,158.0,-17543.0,64
3,10.0,205.0,-18844.0,64
3,11.0,121.0,-22438.0,64
3,0.0,85.0,-15433.0,64
3,1.0,233.0,-17629.0,64
3,2.0,158.0,-17872.0,64
3,10.0,204.0,-18727.0,64
3,11.0,121.0,-22760.0,64
3,0.0,86.0,-15294.0,64
3,1.0,231.0,-17195.0,64
3,2.0,157.0,-17581.0,64
3,10.0,204.0,-18655.0,64
3,11.0,120.0,-22531.0,64
3,0.0,86.0,-15400.0,64
3,1.0,233.0,-17174.0,64
3,2.0,159.0,-17651.0,64
3,10.0,205.0,-18525.0,64
3,11.0,121.0,-22575.0,64
3,0.0,86.0,-15202.0,64
3,1.0,159.0,-17739.0,64
3,2.0,231.0,-17959.0,64
3,10.0,204.0,-18898.0,64
3,11.0,121.0,-22346.0,64
3,0.0,86.0,-15152.0,64
3,1.0,157.0,-17205.0,64
3,2.0,232.0,-17824.0,64
3,10.0,205.0,-19173.0,64
3,11.0,121.0,-22437.0,64
3,0.0,86.0,-15564.0,64
3,1.0,232.0,-17393.0,64
3,2.0,159.0,-17465.0,64
3,10.0,205.0,-19131.0,64
3,11.0,121.0,-22856.0,64
3,0.0,86.0,-15313.0,64
3,1.0,231.0,-16961.0,64
3,2.0,159.0,-17442.0,64
3,10.0,205.0,-18686.0,64
3,11.0,120.0,-22605.0,64
3,0.0,86.0,-15213.0,64
3,1.0,232.0,-17479.0,64
3,2.0,158.0,-17498.0,64
3,10.0,204.0,-18958.0,64
3,11.0,121.0,-22993.0,64
3,0.0,86.0,-15576.0,64
3,1.0,158.0,-17699.0,64
3,2.0,231.0,-19276.0,64
3,10.0,205.0,-18841.0,64
3,11.0,121.0,-22380.0,64
3,0.0,280.0,-5930.0,64
3,1.0,86.0,-15292.0,64
3,2.0,235.0,-16952.0,64
3,3.0,159.0,-17467.0,64
3,10.0,205.0,-18594.0,64
3,11.0,121.0,-22694.0,64
3,0.0,277.0,-12290.0,64
3,1.0,234.0,-13204.0,64
3,2.0,85.0,-15332.0,64
3,3.0,158.0,-17558.0,64
3,10.0,205.0,-18513.0,64
3,11.0,122.0,-22610.0,64
3,0.0,270.0,-6228.0,64
3,1.0,86.0,-15488.0,64
3,2.0,157.0,-17842.0,64
3,10.0,204.0,-18659.0,64
3,11.0,121.0,-22431.0,64
3,0.0,252.0,-3145.0,64
3,1.0,85.0,-15251.0,64
3,2.0,159.0,-17491.0,64
3,10.0,205.0,-18579.0,64
3,11.0,122.0,-22374.0,64
3,0.0,262.0,-4957.0,64
3,1.0,85.0,-15525.0,64
3,2.0,158.0,-17351.0,64
3,10.0,205.0,-19041.0,64
3,11.0,122.0,-22274.0,64
3,0.0,234.0,-8386.0,64
3,1.0,86.0,-15319.0,64
3,2.0,160.0,-17093.0,64
3,10.0,205.0,-18454.0,64
3,11.0,121.0,-22396.0,64
3,0.0,268.0,-3789.0,64
3,1.0,86.0,-15625.0,64
3,2.0,159.0,-17754.0,64
3,10.0,205.0,-18415.0,64
3,11.0,122.0,-22742.0,64
3,0.0,86.0,-15288.0,64
3,1.0,159.0,-17481.0,64
3,2.0,232.0,-17708.0,64
3,10.0,205.0,-18630.0,64
3,11.0,121.0,-22485.0,64
3,0.0,86.0,-15420.0,64
3,1.0,230.0,-17790.0,64
3,2.0,159.0,-17800.0,64
3,10.0,205.0,-19161.0,64
3,11.0,121.0,-22626.0,64
3,0.0,86.0,-15208.0,64
3,1.0,157.0,-17267.0,64
3,2.0,232.0,-17984.0,64
3,10.0,205.0,-18837.0,64
3,11.0,121.0,-22089.0,64
3,0.0,86.0,-15339.0,64
3,1.0,231.0,-17592.0,64
3,2.0,158.0,-17771.0,64
3,10.0,204.0,-18719.0,64
3,11.0,122.0,-22505.0,64
3,0.0,86.0,-15316.0,64
3,1.0,230.0,-16946.0,64
3,2.0,156.0,-17101.0,64
3,10.0,204.0,-18582.0,64
3,11.0,122.0,-22693.0,64
3,0.0,86.0,-15257.0,64
3,1.0,232.0,-17050.0,64
3,2.0,158.0,-17269.0,64
3,10.0,204.0,-19233.0,64
3,11.0,122.0,-22665.0,64
3,0.0,86.0,-15321.0,64
3,1.0,232.0,-17101.0,64
3,2.0,158.0,-17110.0,64
3,10.0,205.0,-19024.0,64
3,11.0,121.0,-22463.0,64
3,0.0,86.0,-15011.0,64
3,1.0,230.0,-17098.0,64
3,2.0,158.0,-17678.0,64
3,10.0,205.0,-18658.0,64
3,11.0,121.0,-22339.0,64
3,0.0,86.0,-15346.0,64
3,1.0,231.0,-17411.0,64
3,2.0,158.0,-17649.0,64
3,10.0,205.0,-18546.0,64
3,11.0,121.0,-22471.0,64
3,0.0,86.0,-15199.0,64
3,1.0,159.0,-17362.0,64
3,2.0,232.0,-17642.0,64
3,10.0,204.0,-19059.0,64
3,11.0,121.0,-22364.0,64
3,0.0,86.0,-15501.0,64
3,1.0,233.0,-16877.0,64
3,2.0,158.0,-17153.0,64
3,10.0,204.0,-18625.0,64
3,11.0,121.0,-22370.0,64
3,0.0,85.0,-15302.0,64
3,1.0,160.0,-17544.0,64
3,2.0,231.0,-17619.0,64
3,10.0,205.0,-18990.0,64
3,11.0,120.0,-22922.0,64
3,0.0,86.0,-15422.0,64
3,1.0,229.0,-17329.0,64
3,2.0,158.0,-17491.0,64
3,10.0,205.0,-19113.0,64
3,11.0,122.0,-22195.0,64
3,0.0,86.0,-15218.0,64
3,1.0,158.0,-17422.0,64
3,2.0,231.0,-17443.0,64
3,10.0,205.0,-18471.0,64
3,11.0,121.0,-22561.0,64
3,0.0,86.0,-15443.0,64
3,1.0,231.0,-17263.0,64
3,2.0,157.0,-17512.0,64
3,10.0,204.0,-18608.0,64
3,11.0,121.0,-22669.0,64
3,0.0,86.0,-15478.0,64
3,1.0,231.0,-17387.0,64
3,2.0,157.0,-17842.0,64
3,10.0,205.0,-18559.0,64
3,11.0,121.0,-22715.0,64
3,0.0,86.0,-15314.0,64
3,1.0,231.0,-17679.0,64
3,2.0,157.0,-17956.0,64
3,10.0,205.0,-18376.0,64
3,11.0,122.0,-22320.0,64
3,0.0,86.0,-15365.0,64
3,1.0,158.0,-17257.0,64
3,2.0,230.0,-17921.0,64
4,0.0,165.0,-16789.0,62
4,1.0,222.0,-18990.0,62
4,10.0,214.0,-17213.0,62
4,11.0,133.0,-21803.0,62
4,0.0,168.0,-17821.0,62
4,1.0,222.0,-20865.0,62
4,10.0,199.0,-20542.0,62
4,0.0,232.0,-18760.0,62
4,1.0,85.0,-21014.0,62
4,2.0,157.0,-21441.0,62
4,10.0,199.0,-20337.0,62
4,0.0,232.0,-18587.0,62
4,1.0,159.0,-20865.0,62
4,2.0,85.0,-21535.0,62
4,10.0,198.0,-19924.0,62
4,0.0,160.0,-21082.0,62
4,1.0,232.0,-21555.0,62
4,10.0,203.0,-18577.0,62
4,0.0,82.0,-11925.0,62
4,10.0,205.0,-18849.0,62
4,11.0,79.0,-19153.0,62
4,0.0,159.0,-1994.0,62
4,1.0,250.0,-17263.0,62
4,10.0,214.0,-17842.0,62
4,11.0,154.0,-25239.0,62
4,0.0,158.0,-4923.0,62
4,10.0,194.0,-19671.0,62
4,0.0,73.0,-12618.0,62
4,1.0,214.0,-17624.0,62
4,2.0,161.0,-18012.0,62
4,10.0,195.0,-19904.0,62
4,0.0,73.0,-12561.0,62
4,1.0,160.0,-16894.0,62
4,10.0,195.0,-20049.0,62
4,0.0,74.0,-12840.0,62
4,1.0,160.0,-16986.0,62
4,10.0,195.0,-19948.0,62
4,0.0,73.0,-12722.0,62
4,1.0,160.0,-17150.0,62
4,10.0,194.0,-19960.0,62
4,0.0,73.0,-12714.0,62
4,1.0,160.0,-17142.0,62
4,10.0,194.0,-19978.0,62
4,0.0,74.0,-12812.0,62
4,1.0,160.0,-17566.0,62
4,10.0,206.0,-20111.0,62
4,0.0,73.0,-12542.0,62
4,1.0,160.0,-17623.0,62
4,10.0,195.0,-20008.0,62
4,0.0,73.0,-12841.0,62
4,1.0,161.0,-17546.0,62
4,10.0,195.0,-20000.0,62
4,0.0,74.0,-12788.0,62
4,1.0,160.0,-17022.0,62
4,10.0,195.0,-20158.0,62
4,0.0,74.0,-12523.0,62
4,1.0,160.0,-17182.0,62
4,10.0,195.0,-19958.0,62
4,0.0,74.0,-12865.0,62
4,1.0,161.0,-17637.0,62
4,10.0,195.0,-19981.0,62
4,0.0,73.0,-12634.0,62
4,1.0,160.0,-17567.0,62
4,2.0,225.0,-24956.0,62
4,10.0,195.0,-20234.0,62
4,0.0,74.0,-12691.0,62
4,1.0,160.0,-17449.0,62
4,10.0,195.0,-19942.0,62
4,0.0,74.0,-12755.0,62
4,1.0,160.0,-17069.0,62
4,10.0,195.0,-20266.0,62
4,0.0,74.0,-12795.0,62
4,1.0,160.0,-16818.0,62
4,10.0,195.0,-20141.0,62
4,0.0,74.0,-12573.0,62
4,1.0,160.0,-17347.0,62
4,10.0,195.0,-20068.0,62
4,0.0,74.0,-13026.0,62
4,1.0,161.0,-17620.0,62
4,10.0,195.0,-20199.0,62
4,0.0,73.0,-12772.0,62
4,1.0,161.0,-17282.0,62
4,10.0,194.0,-20073.0,62
4,0.0,74.0,-13019.0,62
4,1.0,160.0,-17847.0,62
4,10.0,195.0,-20203.0,62
4,0.0,73.0,-12700.0,62
4,1.0,161.0,-17286.0,62
4,10.0,195.0,-20159.0,62
4,0.0,73.0,-12732.0,62
4,1.0,160.0,-17860.0,62
4,10.0,195.0,-20086.0,62
4,0.0,74.0,-12831.0,62
4,1.0,160.0,-17444.0,62
4,10.0,201.0,-18550.0,62
4,0.0,74.0,-12945.0,62
4,1.0,161.0,-17537.0,62
4,10.0,195.0,-19990.0,62
4,0.0,74.0,-12804.0,62
4,1.0,160.0,-17394.0,62
4,10.0,195.0,-20102.0,62
4,0.0,74.0,-12811.0,62
4,1.0,160.0,-17361.0,62
4,2.0,227.0,-23756.0,62
4,10.0,202.0,-18262.0,62
4,0.0,74.0,-12878.0,62
4,1.0,160.0,-17218.0,62
4,10.0,195.0,-20316.0,62
4,0.0,73.0,-12918.0,62
4,1.0,160.0,-17574.0,62
4,10.0,195.0,-20021.0,62
4,0.0,73.0,-12931.0,62
4,1.0,161.0,-16905.0,62
4,10.0,202.0,-18113.0,62
4,0.0,74.0,-12842.0,62
4,1.0,160.0,-17846.0,62
4,10.0,195.0,-19892.0,62
4,0.0,74.0,-12638.0,62
4,1.0,160.0,-17426.0,62
4,10.0,195.0,-20243.0,62
4,0.0,74.0,-12795.0,62
4,1.0,160.0,-17594.0,62
4,10.0,195.0,-20275.0,62
4,0.0,74.0,-12980.0,62
4,1.0,160.0,-17216.0,62
4,10.0,195.0,-19743.0,62
4,0.0,74.0,-12880.0,62
4,1.0,160.0,-17840.0,62
4,10.0,195.0,-19870.0,62
4,0.0,74.0,-12800.0,62
4,1.0,161.0,-17227.0,62
4,10.0,195.0,-20209.0,62
4,0.0,73.0,-13106.0,62
4,1.0,161.0,-17606.0,62
4,10.0,195.0,-20018.0,62
4,0.0,74.0,-12777.0,62
4,1.0,160.0,-17593.0,62
4,10.0,195.0,-20415.0,62
4,0.0,74.0,-12917.0,62
4,1.0,161.0,-17370.0,62
4,10.0,195.0,-19981.0,62
4,0.0,74.0,-12996.0,62
4,1.0,160.0,-17738.0,62
4,10.0,195.0,-19943.0,62
4,0.0,75.0,-12903.0,62
4,1.0,161.0,-17651.0,62
4,10.0,195.0,-20023.0,62
4,0.0,74.0,-12773.0,62
4,1.0,160.0,-17556.0,62
4,10.0,195.0,-20084.0,62
4,0.0,73.0,-12960.0,62
4,1.0,160.0,-17440.0,62
4,10.0,195.0,-19838.0,62
4,0.0,74.0,-12589.0,62
4,1.0,161.0,-16974.0,62
4,10.0,195.0,-20139.0,62
4,0.0,74.0,-12638.0,62
4,1.0,160.0,-17315.0,62
4,2.0,242.0,-21140.0,62
4,10.0,202.0,-18446.0,62
4,0.0,74.0,-12780.0,62
4,1.0,161.0,-17676.0,62
4,10.0,202.0,-18095.0,62
4,0.0,73.0,-12688.0,62
4,1.0,160.0,-17446.0,62
4,10.0,195.0,-19916.0,62
4,0.0,73.0,-12629.0,62
4,1.0,160.0,-17457.0,62
4,10.0,195.0,-19893.0,62
4,0.0,74.0,-12980.0,62
4,1.0,160.0,-17460.0,62
4,10.0,202.0,-18510.0,62
4,0.0,74.0,-12797.0,62
4,1.0,161.0,-16819.0,62
4,10.0,195.0,-20268.0,62
4,0.0,73.0,-12977.0,62
4,1.0,160.0,-17807.0,62
4,10.0,195.0,-19918.0,62
4,0.0,74.0,-12648.0,62
4,1.0,160.0,-17519.0,62
4,10.0,195.0,-19751.0,62
4,0.0,73.0,-12832.0,62
4,1.0,160.0,-17969.0,62
4,10.0,195.0,-19843.0,62
4,0.0,74.0,-12570.0,62
4,1.0,160.0,-16959.0,62
4,10.0,203.0,-18678.0,62
4,0.0,74.0,-12944.0,62
4,1.0,160.0,-17961.0,62
4,10.0,202.0,-18093.0,62
4,0.0,74.0,-12685.0,62
4,1.0,160.0,-17155.0,62
4,10.0,195.0,-20372.0,62
4,0.0,74.0,-12720.0,62
4,1.0,160.0,-17270.0,62
4,10.0,195.0,-19873.0,62
4,0.0,74.0,-12807.0,62
4,1.0,161.0,-17356.0,62
4,10.0,205.0,-20197.0,62
4,0.0,74.0,-12661.0,62
